"","groupID","featureID","exonBaseMean","dispersion","stat","pvalue","padj","Mut","WT","log2fold_WT_Mut","genomicData.seqnames","genomicData.start","genomicData.end","genomicData.width","genomicData.strand","countData.SRR628586.bam","countData.SRR628588.bam","countData.SRR628584.bam","countData.SRR628582.bam","countData.SRR628589.bam","countData.SRR628587.bam","countData.SRR628585.bam","countData.SRR628583.bam","transcripts"
"ENSG00000008869:ENSE00001693452","ENSG00000008869","ENSE00001693452",9.42147028124835,0.0737907476829236,21.34392396666,3.83835341601827e-06,0.00170133700660415,2.42072887807413,4.71669630185997,2.35480126836787,"2",37068681,37068930,250,"-",18,7,1,2,0,16,27,5,"ENST00000233099"
"ENSG00000008869:ENSE00001775312","ENSG00000008869","ENSE00001775312",5.93690846239202,0.0505551469108512,19.6011129955981,9.54136000191707e-06,0.00273006368531118,1.96411883013955,3.97811403886884,2.35517587063638,"2",37079120,37079331,212,"-",8,7,2,0,0,13,16,3,"ENST00000233099"
"ENSG00000011260:ENSE00000820106","ENSG00000011260","ENSE00000820106",145.371712325506,0.0471192169585544,16.6186924084862,4.56984082729385e-05,0.00766146837558276,8.74824150558202,9.55522919284954,0.572163763337939,"17",51260546,51260926,381,"+",153,330,123,41,64,136,268,83,"ENST00000225298"
"ENSG00000011260:ENSE00002726986","ENSG00000011260","ENSE00002726986",14.4300106235848,0.189764426802306,22.3015385851426,2.33019831940225e-06,0.00123796952812887,6.42326246937064,3.14259774201875,-2.85591054607078,"17",51296255,51297003,749,"+",0,9,18,20,17,8,9,51,"ENST00000582150"
"ENSG00000013583:ENSE00001121981","ENSG00000013583","ENSE00001121981",71.0734771418969,0.0349259656377822,50.8690738247692,9.8737102306688e-13,4.37569389543037e-09,8.36242583915839,7.50461143876967,-0.620434636837451,"12",12974870,12975479,610,"-",47,60,32,120,126,34,98,58,"ENST00000014930"
"ENSG00000013583:ENSE00002298757","ENSG00000013583","ENSE00002298757",9.82098515999959,0.0635630794396159,53.9188482926244,2.08943660219135e-13,3.53018586174936e-09,1.12900492339939,5.35317633869679,5.20762633359902,"12",12985645,12987332,1688,"-",12,20,0,0,2,6,39,0,"ENST00000536942"
"ENSG00000020577:ENSE00002536308","ENSG00000020577","ENSE00002536308",7.47227898028349,0.0669950278831898,22.0930873049031,2.59743411304076e-06,0.00129300270147169,4.62396533109713,2.77500950848344,-1.83170564444217,"14",54692952,54694926,1975,"+",4,2,10,4,8,5,2,35,"ENST00000557013"
"ENSG00000023516:ENSE00000817243","ENSG00000023516","ENSE00000817243",522.895262488683,0.149216583476541,16.1299816271627,5.91403467745638e-05,0.008698200911748,12.9982877578695,11.1239242657017,-1.30436521051562,"13",42319088,42323261,4174,"+",516,788,615,536,407,447,525,453,"ENST00000025301"
"ENSG00000023892:ENSE00000849617","ENSG00000023892","ENSE00000849617",6.66573575827445,0.0449141647546693,18.1165250093068,2.07790276528033e-05,0.00457378910042011,2.55004151856147,4.86327889239656,2.31135516778363,"6",35312626,35312772,147,"+",2,12,6,2,22,5,1,2,"ENST00000316637"
"ENSG00000025772:ENSE00000844909","ENSG00000025772","ENSE00000844909",41.8487808879329,0.0373638320934785,19.1217707844329,1.22637964870727e-05,0.0033068305244351,5.8466163117377,7.24567240662841,1.05705733782696,"20",44960207,44960397,191,"-",33,62,16,26,10,129,58,23,"ENST00000372813"
"ENSG00000034713:ENSE00002614270","ENSG00000034713","ENSE00002614270",2.8359809592953,0.0729959106043322,24.4929411342611,7.45825795210223e-07,0.000635070664621505,1.04321825959406,3.47741590430362,3.7705149488096,"16",75566598,75566762,165,"+",8,6,0,0,0,4,3,2,"ENST00000568455"
"ENSG00000034713:ENSE00002617833","ENSG00000034713","ENSE00002617833",82.1543809093552,0.0751675007292359,24.7113809444162,6.65897915523387e-07,0.000582336725745682,8.65075845318355,7.69804328330235,-0.685748424632616,"16",75575608,75577881,2274,"+",62,64,127,74,40,69,35,267,"ENST00000565985"
"ENSG00000036549:ENSE00001453662","ENSG00000036549","ENSE00001453662",21.8186190101196,0.154777108424105,25.0660716406904,5.53990792281465e-07,0.000512156573310039,4.08266720949921,5.92036284968864,1.53615833356387,"1",77631850,77633405,1556,"-",32,39,7,3,0,30,55,15,"ENST00000370801"
"ENSG00000044446:ENSE00001804731","ENSG00000044446","ENSE00001804731",10.7619614573662,0.0382627835639515,23.9508001911917,9.88292072744984e-07,0.000743678292972313,2.85493881524611,4.95425454002944,2.01732327461655,"X",18954254,18954412,159,"-",21,11,4,4,0,24,19,4,"ENST00000379942"
"ENSG00000046604:ENSE00001107962","ENSG00000046604","ENSE00001107962",3.95616634820446,0.106693894414252,20.4911737142671,5.99068633740891e-06,0.00213011689911583,0.99185932837177,3.23925384709969,3.67196922754565,"18",31524703,31524888,186,"+",4,15,0,1,0,1,12,0,"ENST00000261590"
"ENSG00000047410:ENSE00001068221","ENSG00000047410","ENSE00001068221",16.5251120505011,0.0277185642790976,17.1384549508671,3.47515256142821e-05,0.00635285375311484,3.66690632771185,5.49542204165519,1.59562976123127,"1",186344375,186344578,204,"-",10,8,7,6,0,40,60,6,"ENST00000367478"
"ENSG00000065308:ENSE00000756186","ENSG00000065308","ENSE00000756186",7.01270895744101,0.0646494866328385,27.8554384680313,1.30726099615921e-07,0.000156663126121198,1.4824093991419,3.86103955354282,3.1022203749835,"6",52504591,52504754,164,"-",7,6,0,1,1,24,19,0,"ENST00000182527"
"ENSG00000071537:ENSE00001272002","ENSG00000071537","ENSE00001272002",12.2901978486936,0.0360683670301869,18.7136367255913,1.51892334988821e-05,0.00375174067422387,3.74618119907948,4.51742913241593,0.70557847514818,"14",81497892,81498046,155,"-",20,17,2,5,4,13,33,5,"ENST00000336735"
"ENSG00000074181:ENSE00000689482","ENSG00000074181","ENSE00000689482",4.7418296177763,0.0959653372148544,17.2309442137816,3.3100081407189e-05,0.00611555268154435,2.1322258157866,3.8484994056017,1.97742314350629,"19",15174068,15174400,333,"-",10,2,3,3,0,4,13,2,"ENST00000263388"
"ENSG00000074356:ENSE00002664066","ENSG00000074356","ENSE00002664066",23.3747170285521,0.0280137857386651,16.2867018648414,5.44447018454804e-05,0.00855178260977772,5.35345605201036,6.0495449408524,0.548675478202523,"17",3846041,3846246,206,"-",23,36,20,16,6,41,33,22,"ENST00000389005"
"ENSG00000074755:ENSE00001116270","ENSG00000074755","ENSE00001116270",3.93580817575412,0.0626135294884249,18.3003992618322,1.8866762280847e-05,0.00426903375609347,1.91973883276996,3.55187811996624,2.01464489560134,"17",4075263,4075429,167,"-",7,1,1,3,0,10,8,2,"ENST00000381638"
"ENSG00000075785:ENSE00003903051","ENSG00000075785","ENSE00003903051",3.23453227766905,0.197113655389426,16.3772533997636,5.1904403853961e-05,0.00835557609702793,0.019462816437798,3.52176836646762,15.3336175796765,"3",128801992,128802169,178,"+",9,12,0,0,0,3,2,0,"ENST00000674593"
"ENSG00000076003:ENSE00000455012","ENSG00000076003","ENSE00000455012",10.7724205270814,0.0270647053389135,17.7963628425311,2.45852768215543e-05,0.00519938432754922,3.53938017814152,4.75367707184506,1.11218086627397,"2",135866563,135866728,166,"-",8,21,5,4,4,14,28,6,"ENST00000264156"
"ENSG00000087301:ENSE00001093422","ENSG00000087301","ENSE00001093422",158.097707514551,0.0242249094298541,20.5117852984754,5.9265223640265e-06,0.00213011689911583,9.5914714829554,9.30789688545824,-0.200364171027196,"14",52430596,52432587,1992,"-",230,208,52,180,99,197,225,100,"ENST00000281741"
"ENSG00000087301:ENSE00001194890","ENSG00000087301","ENSE00001194890",4.5680370174945,0.0472316882226316,16.7058536316776,4.36461193118096e-05,0.00735550772173034,0.970264378832495,3.47811048515127,3.98444242825254,"14",52543398,52543630,233,"-",8,8,0,1,0,9,11,0,"ENST00000281741"
"ENSG00000088205:ENSE00001906536","ENSG00000088205","ENSE00001906536",37.8561730192533,0.0396271358970753,31.364621469457,2.13842184556145e-08,3.29490074556343e-05,7.19039174894545,6.30309188487848,-0.664317553495307,"2",117826269,117829466,3198,"+",18,44,47,49,13,40,29,100,"ENST00000476149"
"ENSG00000088448:ENSE00001137212","ENSG00000088448","ENSE00001137212",464.785063928458,0.0222022837508565,23.3143194109848,1.37571974372211e-06,0.000856041610531083,12.2013644595631,11.3311781872129,-0.606031859570129,"13",110878540,110880112,1573,"-",189,563,433,481,948,634,165,386,"ENST00000267339"
"ENSG00000088930:ENSE00003499254","ENSG00000088930","ENSE00003499254",15.8733035060749,0.0509945518431177,20.1708381902124,7.08244594915644e-06,0.00238715316225891,3.66444233057836,5.62425223999367,1.70045995599932,"20",21326490,21326601,112,"+",23,30,11,5,2,16,37,4,"ENST00000377191"
"ENSG00000089154:ENSE00000756106","ENSG00000089154","ENSE00000756106",9.31210890801193,0.110341162813096,17.0400977797761,3.65987275759247e-05,0.00657902793430109,2.54507193521833,4.98734036902032,2.42133032395697,"12",120178625,120178759,135,"-",18,4,4,0,1,29,14,6,"ENST00000300648"
"ENSG00000089154:ENSE00000835218","ENSG00000089154","ENSE00000835218",2.6271064210397,0.0840849805230668,18.5863400752283,1.62379932981834e-05,0.00394021637738715,0.814662748028077,3.20360081532756,4.21060764415561,"12",120190298,120190400,103,"-",4,5,0,0,0,7,5,1,"ENST00000300648"
"ENSG00000089916:ENSE00002452087","ENSG00000089916","ENSE00002452087",4.125428964811,0.138555916870045,19.8888869317552,8.20760492610509e-06,0.0026294403227127,1.16947039249584,3.78420065020023,3.7357772559322,"14",76177892,76180022,2131,"+",3,7,0,2,0,14,9,0,"ENST00000554125"
"ENSG00000090273:ENSE00001390272","ENSG00000090273","ENSE00001390272",132.33686355221,0.020417510202204,18.594329423898,1.6170082590079e-05,0.00394021637738715,8.6201331166066,9.76372537346625,0.810561030211345,"1",26921743,26921929,187,"+",119,195,55,141,154,138,186,102,"ENST00000321265"
"ENSG00000091436:ENSE00001374796","ENSG00000091436","ENSE00001374796",230.449727521568,0.031907149047658,35.1370765461388,3.07293972035638e-09,6.21444440822322e-06,9.84623101664052,10.6535877818818,0.566585707019899,"2",173221150,173227146,5997,"+",359,208,229,210,77,88,520,132,"ENST00000338983"
"ENSG00000091436:ENSE00001466194","ENSG00000091436","ENSE00001466194",11.6538171295921,0.0283991852493731,20.9973269716582,4.59924604373185e-06,0.00181868844569815,5.25446608776927,3.7223041814409,-1.34754248691893,"2",173266050,173268015,1966,"+",9,4,18,22,9,2,16,15,"ENST00000375213"
"ENSG00000100350:ENSE00001606362","ENSG00000100350","ENSE00001606362",7.076371837602,0.0677778209913397,22.8003532265149,1.79732668801261e-06,0.00102028244989516,2.75332379314373,4.30919682893192,1.58183545161064,"22",36506164,36506695,532,"-",6,5,2,0,2,24,14,8,"ENST00000423980"
"ENSG00000101161:ENSE00000663649","ENSG00000101161","ENSE00000663649",110.198617609364,0.0245490063554915,16.49466440678,4.87871736919881e-05,0.00805411519975337,9.464957025016,7.93457660870254,-1.09222432583354,"20",64031918,64032044,127,"+",46,66,81,135,274,70,102,111,"ENST00000266079"
"ENSG00000101577:ENSE00000521805","ENSG00000101577","ENSE00000521805",4.02141772554772,0.0688998394111154,16.1720874463909,5.78401516532107e-05,0.0086075691056935,1.99913084067084,3.2603371289248,1.58957331203502,"18",2939480,2939603,124,"-",9,6,0,1,0,4,9,4,"ENST00000261596"
"ENSG00000101596:ENSE00001667695","ENSG00000101596","ENSE00001667695",4.00991115572724,0.0865140379179226,33.3182516736186,7.82448234203872e-09,1.40653763967415e-05,0.0155742293944644,3.69963300411031,16.1527243045886,"18",2697831,2698041,211,"+",8,7,0,0,0,6,11,0,"ENST00000320876"
"ENSG00000102054:ENSE00001483685","ENSG00000102054","ENSE00001483685",4.7997561032998,0.118166556331875,22.1815310856455,2.48048467585966e-06,0.00129300270147169,1.44522070311662,4.34353851087291,3.62113371893974,"X",16869494,16869886,393,"-",6,18,2,0,0,8,5,2,"ENST00000380084"
"ENSG00000102144:ENSE00001600900","ENSG00000102144","ENSE00001600900",186.098583040431,0.0453650402472184,23.4618563004125,1.2741505489736e-06,0.000808386064963504,8.97344679152266,10.41457068608,1.01620412495695,"X",78104248,78104405,158,"+",242,355,157,73,96,93,393,89,"ENST00000373316"
"ENSG00000102144:ENSE00001948816","ENSG00000102144","ENSE00001948816",115.213020494695,0.0341599536612248,26.2089193437842,3.06404028835867e-07,0.000330477172034738,9.43201143549702,8.41586512398082,-0.722621343380056,"X",78125790,78129295,3506,"+",107,124,210,118,80,54,121,119,"ENST00000373316"
"ENSG00000102580:ENSE00000853788","ENSG00000102580","ENSE00000853788",6.13345401646201,0.145843068973179,24.3283777355599,8.12334634826689e-07,0.000666923453446763,0.0405537769879687,4.32366178841282,13.9714814626993,"13",95757644,95757796,153,"+",21,6,0,0,0,5,14,0,"ENST00000602402"
"ENSG00000102580:ENSE00003407254","ENSG00000102580","ENSE00003407254",468.365032463726,0.134916765885375,25.1095522287992,5.41638879543709e-07,0.000512156573310039,11.921391253611,11.7102981212982,-0.14698179236289,"13",95790873,95794988,4116,"+",559,287,232,639,572,570,693,156,"ENST00000602402"
"ENSG00000102699:ENSE00000876445","ENSG00000102699","ENSE00000876445",6.17815944344975,0.0451879499223524,16.0611846637309,6.13283039937698e-05,0.00888857435171248,2.58532693607249,4.22474772730481,1.71186045262101,"13",24493596,24493733,138,"-",9,9,6,0,1,12,9,5,"ENST00000381989"
"ENSG00000102699:ENSE00000679146","ENSG00000102699","ENSE00000679146",8.02167284445641,0.0718605935916726,19.0769848794992,1.25549853149115e-05,0.00332129478180166,2.66984539364932,4.72451924535149,2.04465549898326,"13",24501633,24501834,202,"-",16,12,6,1,0,10,14,6,"ENST00000381989"
"ENSG00000103160:ENSE00003718226","ENSG00000103160","ENSE00003718226",3.70348847283812,0.116095298009568,21.057959407464,4.45597995472667e-06,0.00180227679243863,4.04414989423158,1.31264288624438,-3.63763387552883,"16",84122146,84125204,3059,"-",0,1,4,4,0,2,0,29,"ENST00000619773"
"ENSG00000103184:ENSE00001178294","ENSG00000103184","ENSE00001178294",249.103703603461,0.044116166080619,17.4007887785573,3.02700331460101e-05,0.00576145566179675,11.029695619532,10.0076814272069,-0.715981168802156,"16",5014859,5019157,4299,"+",329,199,353,126,256,189,311,208,"ENST00000251170"
"ENSG00000103249:ENSE00002576776","ENSG00000103249","ENSE00002576776",27.9465934203829,0.140500083768382,16.9011981126601,3.93767206012867e-05,0.00692452472008605,4.48408153690688,7.17798860534739,2.12640964868552,"16",1471624,1471956,333,"-",36,22,19,10,0,69,54,23,"ENST00000569851"
"ENSG00000103335:ENSE00002125197","ENSG00000103335","ENSE00002125197",6.76012167847588,0.0495439486527754,21.0787193093992,4.40796344419026e-06,0.00180227679243863,2.0435689552451,4.26270106543233,2.4923760122632,"16",88741478,88741616,139,"-",21,3,1,1,0,14,9,4,"ENST00000301015"
"ENSG00000103489:ENSE00001247162","ENSG00000103489","ENSE00001247162",873.170269670989,0.0420011496527459,17.5316734180186,2.82561123627245e-05,0.00564372239333751,13.5350154525396,12.2923555221566,-0.862846114180259,"16",17101769,17109017,7249,"-",1207,794,468,946,268,1782,1273,395,"ENST00000261381"
"ENSG00000103657:ENSE00001308933","ENSG00000103657","ENSE00001308933",10.1653299871966,0.0485686355167687,29.8143717572769,4.75454354581334e-08,6.68881589182097e-05,2.88166736988965,4.91020572798605,1.94954599694712,"15",63659736,63659936,201,"-",19,8,3,1,0,16,27,9,"ENST00000443617"
"ENSG00000103657:ENSE00001320845","ENSG00000103657","ENSE00001320845",5.04470191736466,0.0428368747701301,24.2998461447385,8.24456474267408e-07,0.000666923453446763,1.88404804279219,3.81436784250325,2.32903134736396,"15",63694312,63694549,238,"-",11,7,1,1,0,9,9,3,"ENST00000443617"
"ENSG00000103657:ENSE00001325277","ENSG00000103657","ENSE00001325277",3.11158234665477,0.080309239097678,18.8076832113589,1.44583508537836e-05,0.00362658029903779,1.21831715656051,3.21617313785103,3.04025383398251,"15",63725292,63725513,222,"-",4,6,1,0,0,8,6,1,"ENST00000443617"
"ENSG00000105968:ENSE00001190762","ENSG00000105968","ENSE00001190762",998.341844312447,0.0214893561677702,21.4349197550168,3.66043573945515e-06,0.0016681791439655,13.7332967478932,13.0585257890583,-0.468111627472462,"7",44826791,44830163,3373,"-",708,1288,1224,1150,969,564,1117,1278,"ENST00000222690"
"ENSG00000105968:ENSE00000000249","ENSG00000105968","ENSE00000000249",315.157217526642,0.0215040278243398,23.86139241931,1.03527364303675e-06,0.000749180234251759,10.5051069285446,11.3686511964976,0.603511666224815,"7",44831978,44834562,2585,"-",370,560,291,166,218,232,453,305,"ENST00000308153"
"ENSG00000106034:ENSE00001214023","ENSG00000106034","ENSE00001214023",243.064764218182,0.0496494595460198,20.2123398762937,6.93044323954983e-06,0.00236050896739067,9.82497843522264,8.65956812070062,-0.825548016819627,"7",121295440,121297442,2003,"+",234,528,2,38,94,577,530,26,"ENST00000310396"
"ENSG00000106479:ENSE00001556401","ENSG00000106479","ENSE00001556401",10.8698750250692,0.0597521201766799,16.0982140425813,6.01407257648742e-05,0.00880530978992776,3.80222796875756,4.97897929493517,1.04405932923989,"7",149838375,149838635,261,"+",19,17,8,9,2,11,12,12,"ENST00000223210"
"ENSG00000106771:ENSE00001837516","ENSG00000106771","ENSE00001837516",982.678819373814,0.123634511336052,16.2360465331606,5.59199233462349e-05,0.0086075691056935,13.7592558388312,12.9885238068053,-0.534703998787014,"9",109015135,109020505,5371,"-",869,1322,718,1065,952,752,1205,1377,"ENST00000374586"
"ENSG00000106780:ENSE00000723923","ENSG00000106780","ENSE00000723923",9.09137453931812,0.0433160985661208,19.1225725922949,1.22586455653547e-05,0.0033068305244351,3.06621143227607,3.79607272370563,0.74850940084025,"9",120659374,120659575,202,"-",19,14,3,2,0,14,18,3,"ENST00000373930"
"ENSG00000107719:ENSE00001186038","ENSG00000107719","ENSE00001186038",13.6600036585762,0.0447029587872288,19.3243992027061,1.1028800445026e-05,0.00305007603418553,3.67111698836928,5.13392517016746,1.29900768202543,"10",70525923,70526136,214,"+",47,20,5,6,4,5,11,6,"ENST00000263563"
"ENSG00000107854:ENSE00001455758","ENSG00000107854","ENSE00001455758",13.6557563861051,0.0593832881554741,19.895300782326,8.1801148740669e-06,0.0026294403227127,3.90923088409729,4.87083268735138,0.852022711053813,"10",91798426,91798889,464,"+",22,30,6,4,0,20,22,10,"ENST00000371627"
"ENSG00000107854:ENSE00000713496","ENSG00000107854","ENSE00000713496",6.21098240170783,0.0675487218499552,22.1160174711001,2.56659254496436e-06,0.00129300270147169,1.96681761784211,3.70861056021871,2.09429808097746,"10",91841283,91841448,166,"+",14,11,3,0,0,7,13,1,"ENST00000371627"
"ENSG00000108021:ENSE00001848973","ENSG00000108021","ENSE00001848973",3.28077841200635,0.0745358999232038,18.3670579301212,1.82180603474082e-05,0.00418072183447579,3.20175724328761,1.30844222578765,-2.8126596518322,"10",5761290,5761801,512,"+",0,1,8,2,4,1,0,14,"ENST00000487196"
"ENSG00000108474:ENSE00001700814","ENSG00000108474","ENSE00001700814",13.8395411691005,0.0335821616692498,34.6298585812907,3.98742959618225e-09,7.58948584962759e-06,3.68714423203058,5.51450523122004,1.59106346648501,"17",16326485,16326905,421,"+",31,18,7,6,6,17,17,8,"ENST00000431149"
"ENSG00000108510:ENSE00001113115","ENSG00000108510","ENSE00001113115",8.41113242393011,0.0373879916110022,16.8021908116725,4.14853808788753e-05,0.00721689499514929,3.28787272506883,4.18196684226997,0.869241079576511,"17",61961588,61961779,192,"-",10,20,1,5,0,10,18,8,"ENST00000397786"
"ENSG00000108582:ENSE00001311861","ENSG00000108582","ENSE00001311861",21.1061730338333,0.515343594124639,16.575030075171,4.67626766435282e-05,0.00779948416574557,2.66799498440834,6.29007277434003,3.3008220985123,"17",30378927,30379726,800,"+",61,27,0,0,0,19,47,12,"ENST00000225719"
"ENSG00000108582:ENSE00001246229","ENSG00000108582","ENSE00001246229",505.818352503813,0.232376138236555,20.8384826336988,4.99687978856231e-06,0.00190216516845307,12.7037732485195,11.2852234078793,-0.987277572948434,"17",30464588,30469989,5402,"+",385,705,448,563,461,319,570,858,"ENST00000225719"
"ENSG00000108848:ENSE00002081925","ENSG00000108848","ENSE00002081925",2.75067636739959,0.137789129442182,16.1595573459824,5.82240381098586e-05,0.0086075691056935,0.808800692120869,3.2811658425529,4.31409813202486,"17",50748389,50748416,28,"+",4,1,0,0,0,12,5,1,"ENST00000512549"
"ENSG00000108848:ENSE00002044311","ENSG00000108848","ENSE00002044311",634.30975490265,0.105592413964121,17.4836185235408,2.8979395833349e-05,0.00568518843693591,12.7898626334189,12.131799794098,-0.457365018384444,"17",50750501,50756219,5719,"+",446,575,791,492,441,1035,401,1333,"ENST00000505658"
"ENSG00000111110:ENSE00001177242","ENSG00000111110","ENSE00001177242",941.359634765122,0.119658390690701,19.4420034341993,1.03701104056011e-05,0.00289263502063823,14.0471766064615,12.3557333069659,-1.17388464459451,"12",62643994,62648636,4643,"-",609,2505,256,1100,453,400,1570,1328,"ENST00000228705"
"ENSG00000111110:ENSE00001359887","ENSG00000111110","ENSE00001359887",34.0205117237659,0.108535387687419,20.6648847381552,5.4710206751291e-06,0.00205843972075759,4.84826981862852,6.35411781470009,1.19791202232384,"12",62934492,62935150,659,"-",51,116,3,7,0,17,71,22,"ENST00000228705"
"ENSG00000111846:ENSE00001870941","ENSG00000111846","ENSE00001870941",16.9599497480331,0.139200640310664,19.9291927738983,8.03637960997693e-06,0.0026265973236366,3.82760147148468,5.73300144220667,1.62847630864237,"6",10528356,10529836,1481,"+",13,25,6,0,1,35,47,19,"ENST00000379597"
"ENSG00000111961:ENSE00001444573","ENSG00000111961","ENSE00001444573",286.199668064189,0.118761127543513,17.2215342046371,3.32644334132276e-05,0.00611555268154435,11.3679180250033,10.1125166248274,-0.87837923469432,"6",148548295,148552044,3750,"+",217,169,461,645,192,288,174,160,"ENST00000367467"
"ENSG00000112893:ENSE00000759876","ENSG00000112893","ENSE00000759876",4.49361814774439,0.134742199736436,18.269461769923,1.91756716931699e-05,0.00427908419983378,1.06604650532728,3.15599807427688,3.37035393598415,"5",109784744,109784926,183,"+",13,3,0,0,1,5,12,0,"ENST00000261483"
"ENSG00000114948:ENSE00001950784","ENSG00000114948","ENSE00001950784",5.64451227338705,0.154905909717446,16.8090065869666,4.13366472470989e-05,0.00721689499514929,1.56773006239271,4.27788620955153,3.31768494353848,"2",206443532,206444080,549,"+",21,4,4,0,0,2,10,0,"ENST00000264377"
"ENSG00000114948:ENSE00001792196","ENSG00000114948","ENSE00001792196",240.746792202624,0.0568412382349052,16.9668225061561,3.80387584483438e-05,0.00676274784128055,10.8037720186687,10.0220935381325,-0.547952365322387,"2",206617579,206621127,3549,"+",436,166,649,300,100,34,94,6,"ENST00000264377"
"ENSG00000114999:ENSE00001366598","ENSG00000114999","ENSE00001366598",17.9415973533696,0.0720895836376589,18.9566127723374,1.33724985831941e-05,0.00340703887131032,5.95887808976417,4.3393223206533,-1.33415786694638,"2",112528681,112541739,13059,"+",9,12,27,24,25,6,12,36,"ENST00000233336"
"ENSG00000115053:ENSE00001889007","ENSG00000115053","ENSE00001889007",20.6510620695838,0.0571175071779424,21.718611010756,3.15713463472217e-06,0.00150228537317213,4.32623519904439,6.18504973485869,1.52021843595714,"2",231464336,231464484,149,"-",27,26,10,10,8,33,45,9,"ENST00000322723"
"ENSG00000115204:ENSE00003738947","ENSG00000115204","ENSE00003738947",42.3301745354189,0.0184489395505046,21.2402015211691,4.05176344655846e-06,0.0017323951935111,7.48651262167397,6.41863942030253,-0.793760717104553,"2",27311073,27313387,2315,"-",40,31,43,40,23,49,14,145,"ENST00000616707"
"ENSG00000116711:ENSE00000790923","ENSG00000116711","ENSE00000790923",7.74540449719086,0.0368517028925152,24.1045652429427,9.12437255480558e-07,0.000702946006561533,1.81872542488975,4.38655157769577,2.96264967503357,"1",186965409,186965593,185,"+",7,16,0,2,2,14,23,0,"ENST00000367466"
"ENSG00000118515:ENSE00002177026","ENSG00000118515","ENSE00002177026",38.2802165768623,0.0664070465691841,52.0452564962958,5.42360898074746e-13,3.53018586174936e-09,6.74379035975505,4.22838309884055,-2.03086898190258,"6",134169248,134174586,5339,"-",4,8,6,209,36,0,8,63,"ENST00000474427"
"ENSG00000118515:ENSE00001445784","ENSG00000118515","ENSE00001445784",15.1279922248739,0.0669380003156819,53.4588512817214,2.64066409737619e-13,3.53018586174936e-09,3.69230982852945,6.46441536046948,2.32257180720049,"6",134175544,134175991,448,"-",26,24,3,35,8,3,16,7,"ENST00000413996"
"ENSG00000119820:ENSE00000962583","ENSG00000119820","ENSE00000962583",28.5187520287041,0.0501089950417811,18.3740682783131,1.81511533444741e-05,0.00418072183447579,5.39962226254345,6.79770819343524,1.07904794432929,"2",32277904,32278234,331,"+",39,60,21,20,5,26,34,37,"ENST00000238831"
"ENSG00000119820:ENSE00000962584","ENSG00000119820","ENSE00000962584",898.598680079568,0.0330573573145615,16.4355970020445,5.03311318804283e-05,0.00822507290027786,13.5545238030962,12.7463352246353,-0.560900850878504,"2",32305489,32316594,11106,"+",560,1233,976,855,900,602,621,2100,"ENST00000238831"
"ENSG00000119946:ENSE00001237461","ENSG00000119946","ENSE00001237461",57.6033861709291,0.117007272223841,16.1763298574242,5.7710753941036e-05,0.0086075691056935,6.23261718727012,7.6561313578,1.05911510497024,"10",99329356,99330960,1605,"+",59,92,35,10,7,101,147,25,"ENST00000356713"
"ENSG00000120458:ENSE00003833514","ENSG00000120458","ENSE00003833514",3.26553359845064,0.0635241948471181,16.239456903541,5.58193539738058e-05,0.0086075691056935,1.16637619638263,3.3643846234687,3.32524587555203,"11",124783171,124783290,120,"-",7,5,2,0,0,8,4,0,"ENST00000650095"
"ENSG00000121486:ENSE00001814009","ENSG00000121486","ENSE00001814009",24.3442518588607,0.155219940384599,15.9000605483921,6.67765808904812e-05,0.00927334690074378,4.25102613014174,6.25670338775659,1.64233604456417,"1",185156478,185156953,476,"-",42,28,13,6,2,40,57,7,"ENST00000367506"
"ENSG00000122692:ENSE00001482405","ENSG00000122692","ENSE00001482405",3.45611036535001,0.0770713691760796,16.249442161403,5.55259405589665e-05,0.0086075691056935,1.22011929063662,3.37048851375796,3.19806383802093,"9",33076583,33076674,92,"-",5,11,0,0,1,6,5,1,"ENST00000397149"
"ENSG00000124198:ENSE00000845456","ENSG00000124198","ENSE00000845456",7.86131362547543,0.0367962926886676,17.8518297755558,2.38789548212267e-05,0.00518382804112155,NA,NA,NA,"20",48952705,48952884,180,"+",14,19,4,2,0,7,15,3,"ENST00000371917"
"ENSG00000124198:ENSE00000845460","ENSG00000124198","ENSE00000845460",6.15598165028353,0.0503540993837675,18.9849214722337,1.31755549967889e-05,0.00338350343675474,NA,NA,NA,"20",48969147,48969277,131,"+",12,12,1,1,0,6,15,3,"ENST00000371917"
"ENSG00000124198:ENSE00000845461","ENSG00000124198","ENSE00000845461",16.6532584881591,0.075786280972904,19.6825499127042,9.14324899691184e-06,0.00273006368531118,NA,NA,NA,"20",48971120,48971354,235,"+",32,34,6,0,2,15,35,12,"ENST00000371917"
"ENSG00000129245:ENSE00001147605","ENSG00000129245","ENSE00001147605",25.067037146559,0.0367240368840476,22.978541672248,1.63819795992678e-06,0.000956965428229587,4.89610093119427,6.6644107247179,1.39215586083169,"17",7614452,7614897,446,"-",28,30,16,11,9,46,45,25,"ENST00000250113"
"ENSG00000129474:ENSE00002284099","ENSG00000129474","ENSE00002284099",3.86456046936799,0.155028206842753,16.7742375053256,4.21010262354494e-05,0.00725795647044406,1.41310258763253,3.97102596541408,3.34942032361302,"14",22981261,22982551,1291,"-",10,3,1,1,0,10,4,2,"ENST00000262713"
"ENSG00000130449:ENSE00001738262","ENSG00000130449","ENSE00001738262",13.7864800333841,0.0254717039162292,22.9575177285046,1.65621238003699e-06,0.000956965428229587,3.97856779728865,4.86725596880736,0.784014446898937,"5",61472681,61473037,357,"+",24,27,9,7,0,18,22,5,"ENST00000252744"
"ENSG00000130741:ENSE00000863200","ENSG00000130741","ENSE00000863200",77.1454208153739,0.0446368138414736,15.9152754277997,6.62419299944677e-05,0.00927334690074378,7.71484743181092,8.20690530466383,0.355606317491818,"X",24071558,24071727,170,"+",100,117,58,37,27,99,125,79,"ENST00000253039"
"ENSG00000131171:ENSE00001459835","ENSG00000131171","ENSE00001459835",4.93024842183737,0.0469384602283673,21.0982563853571,4.36324961522881e-06,0.00180227679243863,1.63236212358842,3.97089018565778,2.91482439521898,"X",81202102,81202245,144,"+",6,11,1,0,1,8,12,2,"ENST00000373212"
"ENSG00000131653:ENSE00001429861","ENSG00000131653","ENSE00001429861",405.433451565035,0.0101412866457951,19.7597562554516,8.78122878182136e-06,0.00272697014432791,11.8088111930994,11.2030197468031,-0.422285870168002,"16",2176560,2178129,1570,"+",339,323,263,715,521,369,366,451,"ENST00000326181"
"ENSG00000134313:ENSE00002625681","ENSG00000134313","ENSE00002625681",166.946001949097,0.0532446083340608,17.2405433424413,3.29332671653058e-05,0.00611555268154435,9.98320024252406,9.11966951647501,-0.609596144166842,"2",8721081,8725599,4519,"-",50,144,66,486,160,124,114,324,"ENST00000569008"
"ENSG00000134508:ENSE00002706174","ENSG00000134508","ENSE00002706174",23.6929240738399,0.0777360044845621,16.943248827023,3.85140408145103e-05,0.00680982961002792,4.93902804355855,6.23059591220771,1.02764036503958,"18",23135452,23135545,94,"+",32,24,18,14,3,41,47,15,"ENST00000580153"
"ENSG00000135837:ENSE00001120486","ENSG00000135837","ENSE00001120486",2.23237703153381,0.107429430029115,17.4432535373249,2.96012969856682e-05,0.00573538423092973,0.000627347075235929,2.50225176932948,24.0942471847263,"1",179996553,179997175,623,"+",2,4,0,0,0,9,4,0,"ENST00000367607"
"ENSG00000135837:ENSE00002274615","ENSG00000135837","ENSE00002274615",4.56578921815914,0.0483520680966613,19.0627057349215,1.26492774358539e-05,0.00332129478180166,1.99087799400147,3.26482993148181,1.60715719683957,"1",180033862,180034082,221,"+",2,9,2,0,0,11,13,2,"ENST00000367607"
"ENSG00000136527:ENSE00001923539","ENSG00000136527","ENSE00001923539",101.177810618624,0.0705921699251838,16.7610636813107,4.23943435087903e-05,0.00725795647044406,7.80873341268245,8.93784061592819,0.809858271705018,"3",185934429,185937420,2992,"-",117,294,36,18,0,166,86,192,"ENST00000487615"
"ENSG00000136810:ENSE00001860722","ENSG00000136810","ENSE00001860722",9.13046304892689,0.0672431077222029,19.5857196526697,9.61854498641639e-06,0.00273006368531118,4.70465292015596,2.59391654340796,-2.12172058110669,"9",110244778,110245116,339,"-",2,4,7,9,25,2,1,30,"ENST00000487892"
"ENSG00000136810:ENSE00001463713","ENSG00000136810","ENSE00001463713",16.1897065254693,0.0492973829025841,18.2353861285054,1.95217992732369e-05,0.00432648533619264,4.56712298814554,5.82589670652439,1.0307743853731,"9",110256412,110256507,96,"-",7,24,11,9,16,12,31,30,"ENST00000374517"
"ENSG00000137074:ENSE00003896118","ENSG00000137074","ENSE00003896118",7.47526245331262,0.051990805271991,20.5110474460709,5.92880735383204e-06,0.00213011689911583,4.50367346653393,2.57986301049003,-1.96599099540309,"9",32943892,32947438,3547,"-",2,2,10,18,8,6,0,20,"ENST00000672519"
"ENSG00000137076:ENSE00000928278","ENSG00000137076","ENSE00000928278",8.78199123060661,0.107617621081603,16.312383422613,5.37117990309507e-05,0.00847781795729011,2.43478142396537,4.56871739657468,2.20913696831576,"9",35719519,35719627,109,"-",18,5,3,1,1,12,26,3,"ENST00000314888"
"ENSG00000137076:ENSE00000928282","ENSG00000137076","ENSE00000928282",8.23402837510466,0.117983720906189,17.4169409875844,3.00138968559391e-05,0.00576145566179675,2.15543353738793,4.47567803880761,2.51451387113543,"9",35720812,35720913,102,"-",22,2,2,4,0,14,19,0,"ENST00000314888"
"ENSG00000138080:ENSE00000809129","ENSG00000138080","ENSE00000809129",295.976182972265,0.0114960684367367,17.0793493060386,3.58500124966834e-05,0.00648044052712394,11.1510910610652,10.5945936244915,-0.389034789648317,"2",27082083,27084011,1929,"+",226,80,261,269,357,487,437,306,"ENST00000380320"
"ENSG00000138131:ENSE00000933115","ENSG00000138131","ENSE00000933115",85.4019202540129,0.0156812904651444,18.5344895247224,1.66857481625701e-05,0.00399779552128679,8.58187183397276,7.81175173838325,-0.554013145481484,"10",98247690,98248991,1302,"-",73,40,100,224,58,48,61,102,"ENST00000260702"
"ENSG00000139514:ENSE00001486139","ENSG00000139514","ENSE00001486139",1898.31258235758,0.0765939304712915,20.5771500604138,5.72756813403164e-06,0.00213011689911583,15.7188431991536,13.7575854234329,-1.35855865266661,"13",29509414,29514583,5170,"-",2174,1225,2003,1655,990,3055,1847,3080,"ENST00000380752"
"ENSG00000139514:ENSE00000938509","ENSG00000139514","ENSE00000938509",25.4576387402378,0.0453342516647164,24.1910283408334,8.72377209122273e-07,0.000688475837940717,5.03059775558029,5.87485614454313,0.676896415907778,"13",29523266,29523488,223,"-",59,15,13,7,1,54,38,17,"ENST00000380752"
"ENSG00000139514:ENSE00000938507","ENSG00000139514","ENSE00000938507",16.9761087309654,0.0383071640121005,32.0437483112144,1.50739406804557e-08,2.5670920978816e-05,3.96137724587498,5.22468603375583,1.09562294776213,"13",29530538,29530712,175,"-",42,15,5,3,0,37,23,12,"ENST00000380752"
"ENSG00000139514:ENSE00000938506","ENSG00000139514","ENSE00000938506",11.5702624080822,0.0621354854409036,17.7655068448624,2.49872492386073e-05,0.00521620918460398,3.63976803355931,4.50670169057195,0.800032254607511,"13",29532824,29532982,159,"-",28,14,7,1,0,21,14,8,"ENST00000380752"
"ENSG00000140396:ENSE00002134467","ENSG00000140396","ENSE00002134467",375.032899422599,0.129379040368661,17.7046777326079,2.57991393385943e-05,0.00528609080675581,11.8885727787509,10.7751885028896,-0.776722846215499,"8",70109782,70113643,3862,"-",218,307,528,326,458,290,405,591,"ENST00000452400"
"ENSG00000140943:ENSE00002577260","ENSG00000140943","ENSE00002577260",41.2335260683235,0.0554177979026322,25.237492610615,5.06872052516367e-07,0.000496995727371881,7.84213555268853,5.94012744354043,-1.41956057623212,"16",84056005,84058044,2040,"-",25,32,44,65,30,63,16,85,"ENST00000562906"
"ENSG00000141524:ENSE00002795106","ENSG00000141524","ENSE00002795106",14.5736537898621,0.0388942618990735,16.7497954420007,4.2646862295068e-05,0.00726276064885007,5.08365482398423,3.7084471920927,-1.22123989530625,"17",78117802,78118172,371,"-",9,4,22,10,17,2,1,71,"ENST00000589933"
"ENSG00000141753:ENSE00001231320","ENSG00000141753","ENSE00001231320",734.712370794214,0.0291021445428803,18.4771690770621,1.71951871629124e-05,0.00405160442920953,12.8892389122267,11.6447439380857,-0.865428824951866,"17",40456449,40457725,1277,"+",160,158,222,751,3198,416,420,202,"ENST00000269593"
"ENSG00000142039:ENSE00001052853","ENSG00000142039","ENSE00001052853",744.111677199032,0.0201313588240568,20.5213991233652,5.89683082361686e-06,0.00213011689911583,13.0943203030508,12.4653033494229,-0.436859853409977,"19",41322595,41324873,2279,"+",571,437,719,761,1083,617,1029,829,"ENST00000269967"
"ENSG00000142207:ENSE00001042879","ENSG00000142207","ENSE00001042879",9.27545506617402,0.0464934531863712,17.7723755170786,2.48972008864157e-05,0.00521620918460398,2.6690505938017,4.47460390444895,1.82993491125308,"21",32363156,32363329,174,"-",26,5,2,3,0,20,13,4,"ENST00000382751"
"ENSG00000142207:ENSE00001493352","ENSG00000142207","ENSE00001493352",13.808188664589,0.0976395313249113,19.7450308975056,8.84914748445252e-06,0.00272697014432791,2.84302828505837,5.19857293219774,2.23267493696781,"21",32392769,32393012,244,"-",41,7,5,5,0,23,24,0,"ENST00000382751"
"ENSG00000142279:ENSE00002832960","ENSG00000142279","ENSE00002832960",123.977483574112,0.00875283641104667,51.4716628118899,7.26380266862378e-13,3.91724771581099e-09,8.48855421808704,9.58160097009103,0.776210439020553,"19",34481758,34482641,884,"+",69,107,129,102,60,302,171,103,"ENST00000590071"
"ENSG00000142279:ENSE00002751039","ENSG00000142279","ENSE00002751039",907.366585442561,0.00871554137727074,50.6897076332539,1.08185403972689e-12,4.37569389543037e-09,13.5100979007995,12.850255450874,-0.457917978367874,"19",34500129,34512304,12176,"+",347,469,1301,1125,798,1398,954,1234,"ENST00000590071"
"ENSG00000145780:ENSE00001277114","ENSG00000145780","ENSE00001277114",6.9227007257417,0.0430825656732292,23.8490906183098,1.04191088609355e-06,0.000749180234251759,2.63922729209465,3.92311778268265,1.36709738647853,"5",115544523,115544775,253,"-",8,22,0,1,1,11,11,6,"ENST00000274457"
"ENSG00000146122:ENSE00001915459","ENSG00000146122","ENSE00001915459",28.8964757840611,0.134407501533484,23.7015274621685,1.12493217407314e-06,0.000774455965031584,6.29061591924173,4.09038772458284,-1.81412666850155,"6",39860928,39862819,1892,"+",2,2,19,16,105,12,4,86,"ENST00000475489"
"ENSG00000146122:ENSE00003780502","ENSG00000146122","ENSE00003780502",8.66659172367059,0.335760032865655,16.7691296852606,4.22145097140768e-05,0.00725795647044406,2.33001276549399,5.85870292954015,3.4045573243296,"6",39879178,39880017,840,"+",8,13,8,1,2,32,4,6,"ENST00000491083"
"ENSG00000146247:ENSE00002260724","ENSG00000146247","ENSE00002260724",3.85194349378571,0.0603311209498367,19.6303841669963,9.39630044612538e-06,0.00273006368531118,1.60634329005085,3.22160118290857,2.21822991040821,"6",79001899,79002124,226,"-",5,7,3,0,0,6,10,0,"ENST00000275034"
"ENSG00000146247:ENSE00002268656","ENSG00000146247","ENSE00002268656",2.3177962555968,0.077842890348111,21.7555840512074,3.09687167021401e-06,0.00149560412885246,0.00055572193957254,2.7256604852963,24.7222480000208,"6",79025943,79026164,222,"-",3,4,0,0,0,5,7,0,"ENST00000275034"
"ENSG00000146535:ENSE00000976187","ENSG00000146535","ENSE00000976187",17.2038886064038,0.135467366628687,19.0711935855178,1.25931426548059e-05,0.00332129478180166,3.91809567451849,5.63095116568772,1.46223856425456,"7",2843853,2844308,456,"-",47,15,10,7,2,23,24,5,"ENST00000275364"
"ENSG00000147509:ENSE00002115001","ENSG00000147509","ENSE00002115001",56.6304088501785,0.0336963207743896,23.6120633260618,1.17846407864204e-06,0.000794309837466582,6.93670023728064,7.86542344044872,0.680619408642333,"8",53880000,53880286,287,"+",109,112,22,37,19,27,61,90,"ENST00000523414"
"ENSG00000147874:ENSE00001927739","ENSG00000147874","ENSE00001927739",226.90085702164,0.054258284367464,17.452926722719,2.94510514855504e-05,0.00573538423092973,10.9000682595107,9.77544738533776,-0.788819950509348,"9",19053141,19056404,3264,"-",94,388,228,193,314,178,283,196,"ENST00000380502"
"ENSG00000147874:ENSE00001826036","ENSG00000147874","ENSE00001826036",12.092869769906,0.0652199816618666,29.0031647130969,7.22601524461237e-08,9.69291840684885e-05,2.65355463593225,5.24838210220811,2.50022023094731,"9",19102524,19102904,381,"-",10,37,5,3,0,10,34,2,"ENST00000380502"
"ENSG00000149557:ENSE00001708788","ENSG00000149557","ENSE00001708788",2.8565617584705,0.281235073760472,16.1692524409377,5.79267847096366e-05,0.0086075691056935,0.01334578307255,4.40268443926652,17.2484729688788,"11",125488927,125489822,896,"-",1,4,0,0,0,16,4,0,"ENST00000366139"
"ENSG00000152193:ENSE00001003875","ENSG00000152193","ENSE00001003875",10.5297842502714,0.0922001100439493,22.0938410503906,2.59641442319157e-06,0.00129300270147169,2.78200837056411,4.61720197168851,1.81757066861731,"13",78638823,78639071,249,"-",17,29,4,3,0,9,22,2,"ENST00000282003"
"ENSG00000152284:ENSE00000963600","ENSG00000152284","ENSE00000963600",13.8430564282092,0.061256703285634,15.9943010688065,6.35334449074949e-05,0.00893805076900788,3.98419089950689,5.41347916540342,1.22700789225637,"2",85133392,85133933,542,"+",22,7,9,11,3,33,19,9,"ENST00000282111"
"ENSG00000152749:ENSE00001472278","ENSG00000152749","ENSE00001472278",4.36552989043454,0.0863165611687592,20.8957836655271,4.84960883313437e-06,0.00189058786763529,0.0275565920753393,3.48078805824968,14.2889042715781,"13",94601857,94602072,216,"+",7,17,0,0,0,2,10,0,"ENST00000376958"
"ENSG00000152818:ENSE00001084805","ENSG00000152818","ENSE00001084805",4.29235349544652,0.157659740661278,17.6621252286654,2.6382798944016e-05,0.00536898254988381,NA,NA,NA,"6",144479812,144479982,171,"+",15,0,0,1,0,7,9,0,"ENST00000367545"
"ENSG00000152818:ENSE00001084815","ENSG00000152818","ENSE00001084815",3.57520588249404,0.138358917155235,20.4316799940398,6.17982858247663e-06,0.00217348601568692,NA,NA,NA,"6",144499257,144499427,171,"+",13,0,0,0,0,10,4,0,"ENST00000367545"
"ENSG00000152818:ENSE00001084800","ENSG00000152818","ENSE00001084800",2.81755272650856,0.0620247832893913,18.5770158866245,1.6317612713474e-05,0.00394021637738715,NA,NA,NA,"6",144514650,144514820,171,"+",8,3,0,1,0,6,4,0,"ENST00000367545"
"ENSG00000152818:ENSE00001315483","ENSG00000152818","ENSE00001315483",7.97393172662863,0.0384537402620173,17.2534125297731,3.27109505843124e-05,0.00611555268154435,NA,NA,NA,"6",144554688,144554893,206,"+",22,6,5,4,0,12,10,3,"ENST00000367545"
"ENSG00000153107:ENSE00002486877","ENSG00000153107","ENSE00002486877",6.48267460752396,0.0754652348162568,18.4678178508062,1.72797667036782e-05,0.00405160442920953,2.47046525901533,3.97878727595562,1.63313927596202,"2",111862389,111862598,210,"-",9,8,2,0,0,10,19,6,"ENST00000341068"
"ENSG00000153107:ENSE00002525972","ENSG00000153107","ENSE00002525972",11.43843288886,0.0571733443962466,22.7223987265656,1.87173339282084e-06,0.00104420133433627,3.5830329379263,4.80045972956692,1.1082570953241,"2",111863675,111863895,221,"-",19,16,4,5,0,18,23,10,"ENST00000341068"
"ENSG00000155827:ENSE00001090821","ENSG00000155827","ENSE00001090821",7.38626285474944,0.0542474633679517,18.7728316106642,1.47249876015013e-05,0.00366504941401367,2.23948422599117,4.13953688075596,2.0940328096467,"9",101547399,101547518,120,"+",12,7,2,2,0,9,25,2,"ENST00000389120"
"ENSG00000155970:ENSE00001305528","ENSG00000155970","ENSE00001305528",375.680909558271,0.0248725673375726,17.021933344125,3.69505109789351e-05,0.00660556731351052,11.6461512190057,11.1050526871284,-0.37738388693168,"8",17120288,17122642,2355,"+",245,480,704,466,120,485,346,231,"ENST00000318063"
"ENSG00000156256:ENSE00001824330","ENSG00000156256","ENSE00001824330",5.42110388497202,0.0795167847113471,17.8397441225051,2.40310970166651e-05,0.00518382804112155,2.47690702866114,4.47700863100345,2.07425106618716,"21",29042472,29043599,1128,"+",6,13,2,0,2,12,2,12,"ENST00000474835"
"ENSG00000156256:ENSE00001819682","ENSG00000156256","ENSE00001819682",52.540948441394,0.0432226815512359,16.2508847993566,5.54836775515384e-05,0.0086075691056935,7.51292480045074,6.8670191351427,-0.47615868801734,"21",29052123,29053958,1836,"+",25,39,80,69,33,46,13,170,"ENST00000485067"
"ENSG00000158158:ENSE00001071928","ENSG00000158158","ENSE00001071928",40.0708322749884,0.128145980985209,17.5497515576681,2.79887350659883e-05,0.00562504037596387,5.68415324573826,7.42285957705678,1.31456093762843,"2",96760902,96762401,1500,"+",74,46,29,12,11,48,72,31,"ENST00000377075"
"ENSG00000158158:ENSE00001037357","ENSG00000158158","ENSE00001037357",233.648823958353,0.133957621519579,16.2203806757413,5.63842443478243e-05,0.0086075691056935,11.1003488028396,9.57731339652801,-1.06841977594527,"2",96809320,96811874,2555,"+",140,154,215,301,340,247,186,380,"ENST00000377075"
"ENSG00000158470:ENSE00001455930","ENSG00000158470","ENSE00001455930",8.78452525614228,0.0397318573067715,17.7456013727429,2.52500628527503e-05,0.00523728387004129,3.27100489077246,4.05137820692735,0.767551148038378,"20",49713576,49713878,303,"-",12,21,6,0,2,9,18,4,"ENST00000371711"
"ENSG00000160551:ENSE00001052963","ENSG00000160551","ENSE00001052963",6.27060702360321,0.0491746619032632,16.3573728549857,5.24517156272394e-05,0.00840188199282467,2.20833329874096,4.11608692542217,2.1167866427309,"17",29517453,29517656,204,"+",12,10,1,0,2,9,13,4,"ENST00000261716"
"ENSG00000161011:ENSE00002049244","ENSG00000161011","ENSE00002049244",10.7559556361143,0.0478317649857374,21.2211922290775,4.09214736300358e-06,0.0017323951935111,3.67956720689394,5.39523548176121,1.50296365800931,"5",179807324,179808427,1104,"+",14,25,8,1,2,12,6,29,"ENST00000506690"
"ENSG00000161202:ENSE00001914714","ENSG00000161202","ENSE00001914714",13.0880922042189,0.0400550573542779,17.7037218398035,2.58121070392007e-05,0.00528609080675581,3.99358170578686,5.10194506349315,0.965101797462857,"3",184155377,184155796,420,"+",24,14,6,7,1,18,24,14,"ENST00000313143"
"ENSG00000162402:ENSE00001454764","ENSG00000162402","ENSE00001454764",5.31510793134025,0.0456280208897832,16.1584492837168,5.82581090381333e-05,0.0086075691056935,NA,NA,NA,"1",55120596,55120756,161,"-",8,9,1,1,0,11,10,5,"ENST00000294383"
"ENSG00000162402:ENSE00001454768","ENSG00000162402","ENSE00001454768",6.68065427891127,0.0881407458812445,16.3819304864083,5.17764801999902e-05,0.00835557609702793,NA,NA,NA,"1",55125320,55125548,229,"-",11,8,0,2,0,14,15,6,"ENST00000294383"
"ENSG00000162402:ENSE00001701698","ENSG00000162402","ENSE00001701698",5.59780440711854,0.122391685025095,23.1656439474245,1.48629112346485e-06,0.000890591145962075,NA,NA,NA,"1",55154119,55154280,162,"-",13,5,0,0,0,14,11,2,"ENST00000294383"
"ENSG00000162408:ENSE00001474901","ENSG00000162408","ENSE00001474901",305.092901613624,0.0191409872266068,17.8006573071663,2.45298487192431e-05,0.00519938432754922,11.0965832393574,10.7171550636453,-0.265198147453905,"1",6521347,6526003,4657,"-",223,268,128,478,435,353,155,584,"ENST00000377705"
"ENSG00000162654:ENSE00001452773","ENSG00000162654","ENSE00001452773",98.1175909815075,0.0733538951225633,30.5344001602534,3.27998669297845e-08,4.82411497385017e-05,7.85581907127437,6.64822409596244,-0.889150778819798,"1",89181144,89185469,4326,"-",19,7,12,56,566,7,20,22,"ENST00000355754"
"ENSG00000163428:ENSE00001074440","ENSG00000163428","ENSE00001074440",1171.31805174257,0.0891714919930161,35.7319779406552,2.26416823205811e-09,4.88411276564695e-06,14.8079934469137,12.3271228646245,-1.72090793710352,"3",120324509,120331408,6900,"-",1023,2747,688,548,778,1326,1737,1029,"ENST00000295628"
"ENSG00000163428:ENSE00001074429","ENSG00000163428","ENSE00001074429",16.1822133539236,0.110971570504335,20.3609264604729,6.41258760749448e-06,0.00223109781952365,2.94439083557791,4.53783968417548,1.56032957218262,"3",120334862,120335139,278,"-",25,36,4,0,0,16,48,2,"ENST00000295628"
"ENSG00000163428:ENSE00001074437","ENSG00000163428","ENSE00001074437",35.1296861882876,0.0430537189742866,46.2774826341551,1.02636748291629e-11,3.69001918274693e-08,4.32697941884148,5.91112590967713,1.30804126906106,"3",120348744,120349354,611,"-",48,90,4,2,0,51,87,10,"ENST00000295628"
"ENSG00000163719:ENSE00003695054","ENSG00000163719","ENSE00003695054",64.9793631924707,0.0766768820122714,17.0861873403886,3.57211618959507e-05,0.00648044052712394,7.8242295159651,7.42597079800255,-0.2900350351508,"3",9699427,9702392,2966,"+",41,32,76,96,103,68,19,107,"ENST00000606184"
"ENSG00000163884:ENSE00001079374","ENSG00000163884","ENSE00001079374",232.909871281965,0.0240963008055582,19.8307366703008,8.46111066123534e-06,0.00268407997711364,9.68107612166256,10.3921931392874,0.499830720262491,"3",126351841,126352947,1107,"-",352,419,93,107,88,370,322,184,"ENST00000296233"
"ENSG00000164164:ENSE00002042731","ENSG00000164164","ENSE00002042731",22.6664161527689,0.0812715353019524,24.8758476946267,6.11436848976415e-07,0.000549562836731385,4.30457038044283,5.50001743350849,1.00420162024287,"4",145179815,145180589,775,"-",57,40,8,2,0,28,35,11,"ENST00000447906"
"ENSG00000165533:ENSE00002507997","ENSG00000165533","ENSE00002507997",2.3906128200316,0.11638578078363,17.4828689477425,2.89908239977261e-05,0.00568518843693591,0.0210330589726943,3.15043419953753,14.7225705807233,"14",88830876,88831035,160,"+",6,5,0,0,0,4,4,0,"ENST00000553718"
"ENSG00000165650:ENSE00001335216","ENSG00000165650","ENSE00001335216",326.295868981754,0.0499083199446226,26.6685870210957,2.4151622975775e-07,0.000269473815388672,11.61746915817,10.5095013433789,-0.773884168701332,"10",117277274,117285471,8198,"-",415,455,307,297,193,295,347,402,"ENST00000334464"
"ENSG00000165650:ENSE00001335220","ENSG00000165650","ENSE00001335220",20.1545913125456,0.042334465395306,28.0564614736959,1.17827045310935e-07,0.000146635757889458,3.93003147626724,5.77454529183255,1.56411659384794,"10",117374356,117375440,1085,"-",53,33,7,5,2,30,22,8,"ENST00000334464"
"ENSG00000165757:ENSE00001466892","ENSG00000165757","ENSE00001466892",43.696485203009,0.0441876957832645,52.5769707004145,4.13712066492653e-13,3.53018586174936e-09,7.69418950765932,5.98716597829258,-1.27570990912094,"10",30012803,30017917,5115,"-",41,26,41,68,96,15,25,29,"ENST00000375377"
"ENSG00000165757:ENSE00001096241","ENSG00000165757","ENSE00001096241",17.2853163860036,0.0451157868849314,52.0339036016466,5.4550574245903e-13,3.53018586174936e-09,3.29875862892648,6.07610813636339,2.42388646606327,"10",30026103,30029866,3764,"-",57,21,6,5,7,14,18,2,"ENST00000375377"
"ENSG00000167291:ENSE00001226499","ENSG00000167291","ENSE00001226499",126.932800091253,0.125642419949975,16.4255018097874,5.05998832392289e-05,0.00822743930639061,8.03639518586651,9.37680021902941,0.956380048983819,"17",80010160,80010757,598,"-",219,99,71,48,16,222,263,94,"ENST00000310924"
"ENSG00000168283:ENSE00001251863","ENSG00000168283","ENSE00001251863",17.1733705375756,0.0611238482352856,20.8644420606489,4.92961268133521e-06,0.00189889854202338,3.76438083662546,5.5634514036381,1.55510095304614,"10",22321099,22321696,598,"+",38,27,2,9,2,11,40,8,"ENST00000376663"
"ENSG00000169554:ENSE00001861832","ENSG00000169554","ENSE00001861832",19.987570047457,0.163987803607702,18.8329604564339,1.4268002754648e-05,0.00360679504009488,2.99646650490824,5.69017545124929,2.45111234810679,"2",144426513,144430026,3514,"-",17,48,0,4,2,60,36,4,"ENST00000472146"
"ENSG00000171316:ENSE00001698705","ENSG00000171316","ENSE00001698705",6.27691158673469,0.0356358734101005,17.5063570228733,2.86348640061863e-05,0.00568428401624644,2.80775800171163,3.91927284708884,1.16021438631049,"8",60830322,60830577,256,"+",6,11,2,2,0,11,15,7,"ENST00000423902"
"ENSG00000171853:ENSE00001773226","ENSG00000171853","ENSE00001773226",2.6896029170634,0.0832771284121562,21.5736069031419,3.4050549562906e-06,0.00157396233172421,0.751750448006455,3.43707905846951,4.68931191570378,"2",3466254,3466393,140,"+",6,6,0,0,0,5,4,1,"ENST00000433382"
"ENSG00000171992:ENSE00001272662","ENSG00000171992","ENSE00001272662",5.06596367515454,0.165352446198057,16.5220013535648,4.80888233433527e-05,0.00797953875344032,2.21408902192354,4.16420778806472,2.15246700833931,"5",150601080,150601188,109,"+",7,8,1,2,3,8,9,4,"ENST00000394243"
"ENSG00000171992:ENSE00001170768","ENSG00000171992","ENSE00001170768",665.499978772494,0.0867917601005101,15.9990821204503,6.33732011617661e-05,0.00893805076900788,13.0400741529209,11.6663399778583,-0.955099847040135,"5",150656404,150659207,2804,"+",311,102,375,1250,1440,695,436,853,"ENST00000307662"
"ENSG00000172380:ENSE00001454049","ENSG00000172380","ENSE00001454049",4728.65070176694,0.0208792627725833,22.2985378179502,2.33384248279695e-06,0.00123796952812887,16.7150570346402,16.1742895554763,-0.37420742554156,"1",67701475,67705576,4102,"-",3927,10733,1856,3697,2147,5106,8322,4499,"ENST00000370982"
"ENSG00000172380:ENSE00001454051","ENSG00000172380","ENSE00001454051",38.4980897376153,0.0211290014426625,21.794453143738,3.03476224709392e-06,0.00148781518226088,5.40568046790617,6.7461789684817,1.03566060679136,"1",67707594,67707712,119,"-",41,111,11,8,4,52,77,23,"ENST00000370982"
"ENSG00000173011:ENSE00001279053","ENSG00000173011","ENSE00001279053",14.9478935748779,0.0491679730304752,21.2069895578175,4.12258336373443e-06,0.0017323951935111,3.96509469317758,5.73365970857635,1.4991624328395,"4",7043372,7043849,478,"+",20,27,10,4,9,18,23,12,"ENST00000310074"
"ENSG00000173011:ENSE00001192497","ENSG00000173011","ENSE00001192497",191.252227548212,0.0444763395589088,17.8235442972819,2.42365600471876e-05,0.00519352565196588,10.3532366587246,9.50167537641627,-0.599095039698406,"4",7054062,7057952,3891,"+",107,222,153,218,360,149,131,240,"ENST00000310074"
"ENSG00000173281:ENSE00001184339","ENSG00000173281","ENSE00001184339",1289.90962321195,0.048076780831385,23.5477576414387,1.21851350015897e-06,0.000794309837466582,14.3243369496379,13.3602546716135,-0.66840368689688,"8",9136255,9141668,5414,"-",388,2685,1129,850,695,2569,1649,1139,"ENST00000310455"
"ENSG00000173281:ENSE00002093565","ENSG00000173281","ENSE00002093565",15.063882549648,0.0498764029811689,19.591545965583,9.58925734419322e-06,0.00273006368531118,3.32214331069674,5.1809027722592,1.69012771806791,"8",9151347,9151574,228,"-",3,44,4,2,0,36,36,7,"ENST00000519699"
"ENSG00000173726:ENSE00001442165","ENSG00000173726","ENSE00001442165",9449.00884565752,0.0250742789733893,16.3180712524737,5.35508257996319e-05,0.00847781795729011,18.3762865462648,17.6982877954355,-0.468981159610317,"1",235109341,235112108,2768,"-",7326,13716,7685,6523,3943,10680,16089,15426,"ENST00000366607"
"ENSG00000173726:ENSE00001442166","ENSG00000173726","ENSE00001442166",889.064873013781,0.0251444534068657,16.3255121481726,5.33409706571043e-05,0.00847781795729011,12.4930609379079,13.2111292776246,0.498634993972777,"1",235128595,235128837,243,"-",1091,1630,524,436,245,958,1794,705,"ENST00000366607"
"ENSG00000174010:ENSE00001422972","ENSG00000174010","ENSE00001422972",22.8308783296444,0.0382511463276888,19.0105352254589,1.29998713005945e-05,0.0033650946853867,4.86880442109556,5.85926518178489,0.799633961293121,"X",24005989,24006700,712,"-",38,51,16,4,2,13,46,17,"ENST00000328046"
"ENSG00000176058:ENSE00001937463","ENSG00000176058","ENSE00001937463",115.877281865064,0.0356071338887345,21.3673220465561,3.79179241883823e-06,0.00170133700660415,9.39604730707658,8.43155148117837,-0.685965031057704,"9",137192451,137195137,2687,"-",106,43,94,201,116,86,127,200,"ENST00000477345"
"ENSG00000176058:ENSE00001584895","ENSG00000176058","ENSE00001584895",50.6730312667502,0.0357852440387872,21.2905169504497,3.946791462359e-06,0.00172576123442635,6.59189564516453,7.7808722316428,0.877178498925701,"9",137198987,137200741,1755,"-",80,32,38,32,28,51,98,50,"ENST00000409012"
"ENSG00000177189:ENSE00001886538","ENSG00000177189","ENSE00001886538",1403.3328138681,0.0476410248108455,20.9932804640301,4.60897031700244e-06,0.00181868844569815,14.4018949323887,13.8089316252481,-0.410970350492255,"X",20149911,20155520,5610,"-",1489,1337,1955,1730,684,934,1261,2421,"ENST00000379565"
"ENSG00000177189:ENSE00001481681","ENSG00000177189","ENSE00001481681",6.76492061385678,0.108427638416305,18.3255067203755,1.86197437110645e-05,0.00424281019196418,1.91923370846329,4.50794346667572,2.9037497029672,"X",20266564,20266909,346,"-",20,8,2,2,2,4,13,0,"ENST00000379565"
"ENSG00000180370:ENSE00001350041","ENSG00000180370","ENSE00001350041",22.2770490687346,0.0415825987176141,25.4078075098321,4.64036267381992e-07,0.000469213171989972,4.51736249523536,5.91344403373371,1.1422483401118,"3",196739857,196740157,301,"+",39,54,8,8,4,22,36,12,"ENST00000327134"
"ENSG00000181035:ENSE00002981796","ENSG00000181035","ENSE00002981796",4.1888494318133,0.0829029992647529,28.9339068768495,7.48904287082305e-08,9.69291840684885e-05,1.02307390231985,4.15636223614299,4.47822808948802,"19",19105863,19106385,523,"+",12,8,0,2,0,7,4,0,"ENST00000596819"
"ENSG00000181035:ENSE00001219466","ENSG00000181035","ENSE00001219466",118.873617487485,0.0406487718535895,19.6081543197758,9.50626112826426e-06,0.00273006368531118,9.17995386365571,8.64661107399848,-0.379257109519211,"19",19110569,19113030,2462,"+",153,48,38,100,334,86,46,127,"ENST00000318596"
"ENSG00000183111:ENSE00001533141","ENSG00000183111","ENSE00001533141",7.80094610882123,0.0611446862104629,22.4482450196015,2.15882650965253e-06,0.0011839516842852,2.10786818436316,3.85405210504946,2.01865799695436,"5",149609548,149609695,148,"+",16,6,1,1,0,14,22,2,"ENST00000333677"
"ENSG00000183111:ENSE00001507547","ENSG00000183111","ENSE00001507547",8.74573079870809,0.0661303515830892,16.1838262742695,5.74828171312498e-05,0.0086075691056935,2.74211315146501,3.92611871952352,1.24469067479784,"5",149618176,149618306,131,"+",22,7,3,3,1,10,21,0,"ENST00000333677"
"ENSG00000183530:ENSE00001785220","ENSG00000183530","ENSE00001785220",261.780582064219,0.076988807004592,19.6514758198193,9.2931507076234e-06,0.00273006368531118,11.038414412788,10.2318824135393,-0.564596189520702,"22",31681347,31685803,4457,"-",163,273,324,262,132,398,223,499,"ENST00000327423"
"ENSG00000184481:ENSE00001462943","ENSG00000184481","ENSE00001462943",393.569106602801,0.0550932333941074,16.0166624183093,6.27874599490144e-05,0.00893805076900788,11.8147528372425,10.9772433403822,-0.584083583859785,"X",71102077,71103532,1456,"+",268,195,341,712,637,362,337,325,"ENST00000374259"
"ENSG00000185477:ENSE00001373476","ENSG00000185477","ENSE00001373476",15.4129270790922,0.032935092051948,18.2799411102516,1.90704710429521e-05,0.00427908419983378,3.67401897170596,5.41635962677455,1.52536378171349,"4",89307615,89307800,186,"-",24,49,9,5,0,15,20,6,"ENST00000609438"
"ENSG00000187953:ENSE00001669269","ENSG00000187953","ENSE00001669269",10.705575388873,0.103633873447104,23.5337517888254,1.22741576392524e-06,0.000794309837466582,3.27665529574702,5.24968891989839,1.79394643898473,"7",6729781,6730301,521,"+",9,30,6,4,0,21,12,12,"ENST00000348899"
"ENSG00000196440:ENSE00001708416","ENSG00000196440","ENSE00001708416",13.923502219851,0.0408609759189751,16.0464241770729,6.18082402304079e-05,0.00888857435171248,5.20016957457311,4.09285697607434,-0.953843052932821,"X",101531644,101533459,1816,"+",6,0,37,13,15,14,9,18,"ENST00000433011"
"ENSG00000196972:ENSE00001682981","ENSG00000196972","ENSE00001682981",111.850674833303,0.0345251983060788,15.8328050683909,6.91924270321318e-05,0.00956777504905423,9.2300504432106,8.5242588499489,-0.502160030173071,"X",135094985,135097121,2137,"-",145,65,65,220,78,78,166,88,"ENST00000433425"
"ENSG00000197081:ENSE00001375794","ENSG00000197081","ENSE00001375794",3.43982095319643,0.11427654861822,16.1614804587267,5.81649534026198e-05,0.0086075691056935,0.0034417218755759,2.82685993121658,19.5811251263841,"6",159969082,159969395,314,"+",15,3,0,0,0,2,5,0,"ENST00000356956"
"ENSG00000197081:ENSE00003690118","ENSG00000197081","ENSE00003690118",85.4487498610105,0.148208062943662,19.2669088392684,1.1365927772291e-05,0.00311667224515272,10.1384256518905,6.41487421416341,-2.68876380076413,"6",160104674,160111504,6831,"+",86,33,110,144,102,44,66,107,"ENST00000356956"
"ENSG00000197106:ENSE00001450898","ENSG00000197106","ENSE00001450898",12.2485580874474,0.0320667647296573,17.602041453138,2.7229588625987e-05,0.00550667374481913,4.45143530523977,4.67329483266753,0.192244423974264,"1",110176629,110176739,111,"+",31,4,7,10,8,2,19,15,"ENST00000331565"
"ENSG00000197892:ENSE00001619543","ENSG00000197892","ENSE00001619543",5.38791638602892,0.112114909022369,15.9080766110204,6.64943576551041e-05,0.00927334690074378,1.94251468622514,3.4828710586653,1.90879648886351,"8",29134040,29134210,171,"-",19,1,3,0,0,7,9,1,"ENST00000524189"
"ENSG00000197912:ENSE00003826833","ENSG00000197912","ENSE00003826833",12.6118935980961,0.059544503402655,18.5211231348217,1.68031705935347e-05,0.00399779552128679,5.31427473144107,3.47522080105919,-1.64105716150356,"16",89554486,89557747,3262,"+",5,2,10,27,22,11,2,30,"ENST00000647476"
"ENSG00000198018:ENSE00000613576","ENSG00000198018","ENSE00000613576",3.41875592010458,0.207373370728919,16.1879496146512,5.73578285995583e-05,0.0086075691056935,0.0250853043271199,3.4204235768345,14.4985272643541,"10",99679261,99679466,206,"+",3,9,0,0,0,1,15,0,"ENST00000370489"
"ENSG00000198176:ENSE00001910112","ENSG00000198176","ENSE00001910112",4.54447597059058,0.169371150782439,25.9367586014709,3.52786998892873e-07,0.000368229965263765,0.0298422427495594,4.13061691440096,14.6824077030591,"13",113637151,113637242,92,"+",4,13,0,0,0,15,7,0,"ENST00000494812"
"ENSG00000198721:ENSE00001917617","ENSG00000198721","ENSE00001917617",2.12802589031162,0.163917288819109,19.9894467355969,7.78707530239543e-06,0.0025710856689756,0.0404080927476286,3.29823263094008,12.9961822094125,"6",4135115,4135459,345,"-",2,2,0,0,0,10,4,0,"ENST00000495548"
"ENSG00000203867:ENSE00001603282","ENSG00000203867","ENSE00001603282",7.14708006659252,0.0762201989329046,45.8580874063277,1.27137169142294e-11,4.11377738193722e-08,2.265531613065,4.67833157321344,2.53289222735877,"10",110780801,110781884,1084,"+",6,14,4,2,0,22,10,3,"ENST00000369519"
"ENSG00000205339:ENSE00001482254","ENSG00000205339","ENSE00001482254",22.2503576213117,0.0210040922285664,20.0609000436898,7.50147498300971e-06,0.00250232191778603,5.04452795286576,5.628861464233,0.472193503736637,"11",9434934,9435031,98,"+",34,43,16,7,2,37,31,14,"ENST00000379719"
"ENSG00000205476:ENSE00001484220","ENSG00000205476","ENSE00001484220",102.304759972027,0.086345888037197,17.4043214398518,3.02138263547414e-05,0.00576145566179675,9.3617126832659,8.08579918705026,-0.910084453707019,"14",99500190,99515335,15146,"-",107,118,55,134,42,131,71,253,"ENST00000380243"
"ENSG00000205476:ENSE00001484231","ENSG00000205476","ENSE00001484231",43.4673607099643,0.102381836700097,17.3609838700497,3.09106631711646e-05,0.00584898437561036,5.42018962911824,7.37718917269535,1.49107469261249,"14",99603167,99604207,1041,"-",118,43,13,14,7,61,61,26,"ENST00000380243"
"ENSG00000205918:ENSE00002599310","ENSG00000205918","ENSE00002599310",10.8683407349243,0.0521525754443053,19.5959404656512,9.56722637246917e-06,0.00273006368531118,3.72161811924902,5.17016725296128,1.27947188790532,"16",2637287,2638721,1435,"-",3,20,10,1,2,27,16,18,"ENST00000571865"
"ENSG00000205918:ENSE00001491741","ENSG00000205918","ENSE00001491741",11.1096753166226,0.0520769249274148,19.6080504089629,9.50677814868499e-06,0.00273006368531118,5.20496341998939,3.77525078734668,-1.25606567949753,"16",2642229,2643296,1068,"-",0,8,16,5,4,13,7,56,"ENST00000382326"
"ENSG00000205978:ENSE00001192815","ENSG00000205978","ENSE00001192815",20.1465947097462,0.0280574403480409,31.7289081303161,1.77263927234419e-08,2.86786444676205e-05,4.38967066153806,5.52031748115817,0.944813371115766,"14",24407869,24408527,659,"+",34,15,9,11,4,48,38,2,"ENST00000382554"
"ENSG00000205978:ENSE00001192827","ENSG00000205978","ENSE00001192827",51.3757472738856,0.0352691140328322,37.5865142464483,8.74469836609942e-10,2.14661694322995e-06,6.26632605161205,7.28143759110934,0.759377623473894,"14",24408652,24410208,1557,"+",99,30,16,38,7,123,85,14,"ENST00000382554"
"ENSG00000205978:ENSE00001637427","ENSG00000205978","ENSE00001637427",376.682932291355,0.0730082137879589,23.7891392115114,1.07487256008256e-06,0.000756079378838947,12.4913957833245,10.2810430831393,-1.54211382578283,"14",24414596,24419283,4688,"+",313,120,288,826,270,688,394,172,"ENST00000382554"
"ENSG00000213918:ENSE00002663504","ENSG00000213918","ENSE00002663504",7.63132226786206,0.0564104190914952,21.6377511055978,3.29306208301515e-06,0.00154425521478437,2.96757525130399,4.71516877639641,1.68663043885212,"16",3640715,3641237,523,"+",12,16,3,3,1,12,7,12,"ENST00000570769"
"ENSG00000215022:ENSE00003697009","ENSG00000215022","ENSE00003697009",87.6512860809299,0.0404544615111332,39.5546389490139,3.19007732876932e-10,8.60177767724907e-07,8.72021955934309,7.50435244070996,-0.876429494959689,"6",13279295,13281156,1862,"-",61,52,147,109,82,22,40,249,"ENST00000606150"
"ENSG00000215022:ENSE00003696816","ENSG00000215022","ENSE00003696816",14.4498762914156,0.07348523136846,26.9003937681718,2.14215234417142e-07,0.000247548655001266,3.83380721417076,5.91292311362045,1.76324119621507,"6",13295486,13295586,101,"-",29,19,19,4,2,9,19,15,"ENST00000606150"
"ENSG00000219481:ENSE00002303921","ENSG00000219481","ENSE00002303921",317.49942247909,0.0677905265095348,16.7165762180744,4.34001324104885e-05,0.00735234599165537,11.7353251093519,10.1590963901994,-1.10172977806484,"1",16562319,16564186,1868,"-",126,256,302,444,484,336,237,491,"ENST00000430580"
"ENSG00000219481:ENSE00001660286","ENSG00000219481","ENSE00001660286",117.657852595309,0.0241077129525338,20.3101730090619,6.58495378632509e-06,0.00226669520919278,8.72384056191132,9.19457378023731,0.334526203191192,"1",16605406,16607691,2286,"-",81,147,80,94,82,168,192,158,"ENST00000449853"
"ENSG00000221890:ENSE00001309035","ENSG00000221890","ENSE00001309035",4.62533639009303,0.084403034306409,23.2536692186661,1.41979314263447e-06,0.000866797107853275,0.949955851556904,3.50401549370428,4.07273805258971,"22",38828287,38828512,226,"-",16,3,0,1,0,8,7,0,"ENST00000333039"
"ENSG00000231365:ENSE00003870228","ENSG00000231365","ENSE00003870228",35.8833293012991,0.0552718131250835,19.050862961941,1.27280203029763e-05,0.00332129478180166,6.78278910119793,5.92166054669502,-0.65547603076822,"1",119160592,119161792,1201,"+",22,20,57,44,48,26,4,86,"ENST00000667936"
"ENSG00000237989:ENSE00001611618","ENSG00000237989","ENSE00001611618",202.560430761047,0.0301528300036404,16.0473091115343,6.17793604931198e-05,0.00888857435171248,10.4885661370127,9.67254702214038,-0.573383155687541,"21",43358147,43359486,1340,"-",150,270,89,244,256,235,293,123,"ENST00000442815"
"ENSG00000237989:ENSE00001609421","ENSG00000237989","ENSE00001609421",107.306592778682,0.0302095475700732,16.0231819840177,6.25716274478411e-05,0.00893805076900788,8.02401900153303,8.96113536734824,0.6706941019074,"21",43360892,43362349,1458,"-",117,187,40,87,50,143,217,41,"ENST00000442815"
"ENSG00000248489:ENSE00003865997","ENSG00000248489","ENSE00003865997",2.91713366280909,0.220695744663126,18.39424220149,1.79599867253866e-05,0.00418072183447579,3.25847823455857,1.18763419589316,-3.16086410415413,"5",98966618,98967725,1108,"+",2,0,6,4,4,0,0,9,"ENST00000670964"
"ENSG00000248489:ENSE00003857333","ENSG00000248489","ENSE00003857333",2.7852276435934,0.161161122659406,17.2991696348656,3.19326361752684e-05,0.00600723435304162,1.62594985168773,3.25740218514945,2.21954240443733,"5",98987444,98988012,569,"+",4,4,2,0,0,2,8,3,"ENST00000670964"
"ENSG00000253347:ENSE00002095618","ENSG00000253347","ENSE00002095618",9.52772164867202,0.119024551885551,16.4505640024593,4.99353236423163e-05,0.00820181353855039,4.24007181224102,4.10706489086218,-0.120755893317165,"17",47423362,47423526,165,"-",5,8,6,16,12,10,2,26,"ENST00000523101"
"ENSG00000253352:ENSE00003819967","ENSG00000253352","ENSE00003819967",7.40511138615841,0.0649402412146379,19.7988887974009,8.60326780292757e-06,0.00270267899319735,2.86765950450883,3.8491044893324,1.02381518602396,"22",30969270,30971779,2510,"+",12,9,4,0,0,16,15,5,"ENST00000644773"
"ENSG00000256043:ENSE00002524268","ENSG00000256043","ENSE00002524268",11.4920705196703,0.0279031346207802,17.9982181842647,2.21111836639049e-05,0.00483413222846601,3.6830745428538,4.2700031210779,0.548351920501344,"4",155939371,155939538,168,"-",16,11,4,6,1,12,39,3,"ENST00000433477"
"ENSG00000256043:ENSE00002080357","ENSG00000256043","ENSE00002080357",12.3274558456476,0.0718976855085608,16.0102332921367,6.3001031687299e-05,0.00893805076900788,3.69353074190454,4.42779484545663,0.67826224458415,"4",155953713,155953866,154,"-",16,21,1,9,2,11,38,2,"ENST00000433477"
"ENSG00000265808:ENSE00002732617","ENSG00000265808","ENSE00002732617",898.204856092374,0.0301412629405803,19.5168350456014,9.97169772627713e-06,0.00280568889851434,13.7309739981253,12.6376862363545,-0.75873527413369,"1",120150898,120157192,6295,"-",660,1357,957,799,982,578,900,1310,"ENST00000578049"
"ENSG00000265808:ENSE00002727263","ENSG00000265808","ENSE00002727263",77.8568113959475,0.0238413941121425,37.4689828770886,9.28783175362961e-10,2.14661694322995e-06,7.29968616278819,8.51026657174893,0.876415992989248,"1",120176307,120176520,214,"-",103,151,61,28,32,84,126,55,"ENST00000578049"
"ENSG00000272899:ENSE00003703672","ENSG00000272899","ENSE00003703672",26.3359634387206,0.104721315696677,16.0494387846602,6.17099144673025e-05,0.00888857435171248,5.94732457542616,5.85867452576641,-0.068994185232226,"7",128868666,128872047,3382,"+",34,16,18,80,22,9,6,32,"ENST00000609480"
"ENSG00000285756:ENSE00001613901","ENSG00000285756","ENSE00001613901",12.0259569665187,0.0622848499728024,40.3742902193067,2.09682251758305e-10,6.16789874558497e-07,4.77206007014838,0.0308301975286333,-15.1518087639666,"X",3905687,3906232,546,"-",0,0,0,49,8,0,0,63,"ENST00000381106"
