"","baseMean","log2FoldChange","lfcSE","stat","pvalue","padj"
"ENSG00000144824",322.713957335275,4.19087115320643,0.691018242322241,6.06477643646941,1.32137324112074e-09,6.51965557168973e-06
"ENSG00000101977",935.832902889886,4.59235027087611,0.746595866159198,6.15105236853385,7.69704967166843e-10,6.51965557168973e-06
"ENSG00000198795",323.001622585415,3.58823356017362,0.576174974209962,6.22768034153813,4.73391685264327e-10,6.51965557168973e-06
"ENSG00000169548",39.5055598630504,-8.66860937421868,1.42090604227689,-6.10076184933938,1.05564092612464e-09,6.51965557168973e-06
"ENSG00000163017",71.5491344217027,-4.76764121759701,0.90972139744587,-5.24077066999042,1.59907345086911e-07,0.000327724232676792
"ENSG00000250337",133.005514674497,-4.13611568486086,0.790269081579827,-5.23380678969795,1.66054029528168e-07,0.000327724232676792
"ENSG00000284377",32.9392975255933,-5.62210387480405,1.0654107396467,-5.27693561327194,1.31362014936021e-07,0.000327724232676792
"ENSG00000182632",57.6139195457374,-5.78412677573299,1.09729125721008,-5.27127755527681,1.35477413010839e-07,0.000327724232676792
"ENSG00000226145",70.1212291828008,-4.52341114164239,0.848880796154662,-5.32867649042475,9.89310329655351e-08,0.000327724232676792
"ENSG00000125816",41.6538502486748,7.57968576421267,1.43404406361614,5.2855319836543,1.25339970236591e-07,0.000327724232676792
"ENSG00000170421",355.870905027168,-3.19556564321691,0.614236262326404,-5.20250242327568,1.96622794869365e-07,0.000352777043594708
"ENSG00000165023",35.0641446669166,3.80345114017896,0.750404112850788,5.06853717223061,4.00884699210487e-07,0.000659321701968181
"ENSG00000163694",560.221372233929,-2.61035453617429,0.525744954743774,-4.96505865176865,6.86803106812617e-07,0.000977875024033676
"ENSG00000186310",54.6392268770552,2.92388815341844,0.589122072681196,4.96312782868808,6.93668946922956e-07,0.000977875024033676
"ENSG00000158486",24.5908397182521,-3.664721822772,0.751694649250911,-4.8752799110969,1.08654276551283e-06,0.00142960053467741
"ENSG00000186973",28.742608871964,-6.74908864482921,1.39309650762894,-4.84466697595576,1.26824221538396e-06,0.0015182142735307
"ENSG00000155622",52.1931622345118,-5.09902875359954,1.0599503862627,-4.81062964803316,1.50455573002702e-06,0.0015182142735307
"ENSG00000259283",47.2426027600311,-3.14114824765657,0.651385824268003,-4.8222545389078,1.41944649598116e-06,0.0015182142735307
"ENSG00000159618",82.2853114049479,-5.47007791933358,1.13300244041299,-4.82794892951834,1.37946456911747e-06,0.0015182142735307
"ENSG00000225280",13.0980964119941,7.27831506325222,1.51437034734564,4.80616586029269,1.53852277414947e-06,0.0015182142735307
"ENSG00000089169",39.9741065939868,-4.13509740848523,0.871228792827392,-4.74628185217068,2.07189952643598e-06,0.00194719090732098
"ENSG00000153283",52.2802892047771,-5.21253608796275,1.10255794469637,-4.72767541428238,2.27104842828605e-06,0.00203733689912062
"ENSG00000115641",557.152886708613,-2.19693043776136,0.468322248591178,-4.6910657018116,2.71785669919012e-06,0.00223942311899326
"ENSG00000065371",225.444934655774,-3.38387449820647,0.723404607614091,-4.67770658714362,2.90101248140878e-06,0.00223942311899326
"ENSG00000153064",28.8540954456614,-6.75165329242882,1.44443338020304,-4.674257314297,2.95019259697126e-06,0.00223942311899326
"ENSG00000020181",218.030020276357,2.09157952424887,0.446220781877924,4.68731984074438,2.76806189723471e-06,0.00223942311899326
"ENSG00000127863",395.132834450394,3.98381766106344,0.864608582210067,4.60765454222095,4.07236511763493e-06,0.00297674807265344
"ENSG00000253125",7.83886245076848,-6.34051495148926,1.38217239189738,-4.58735465174885,4.48897746333844e-06,0.00316408782915884
"ENSG00000232053",18.6322832743173,-3.74922628606011,0.820390179619793,-4.570052615449,4.87601780564576e-06,0.00331838232455947
"ENSG00000148357",37.1425804410172,-6.06125309796417,1.32857805254683,-4.56221076838127,5.06177959540069e-06,0.0033299760698276
"ENSG00000103449",74.0031768951143,3.30340544893419,0.725898774237996,4.55077975906751,5.34474708921909e-06,0.00340270737267187
"ENSG00000231419",838.401804444615,3.20976042503027,0.706550106603134,4.5428631246859,5.54952870682513e-06,0.0034226718299344
"ENSG00000282943",7.6408423477151,-6.30601315623297,1.39313496792657,-4.52649118815697,5.99710987728627e-06,0.00358663516782187
"ENSG00000142621",27.5778579267855,-5.13215307295749,1.14514716704614,-4.4816537303198,7.40668504530764e-06,0.00374816246292799
"ENSG00000134121",1068.984862133,3.19210812232371,0.708584968969472,4.50490521548338,6.64025745702195e-06,0.00374816246292799
"ENSG00000234261",79.007713292716,-5.24355989513163,1.16928091453832,-4.48443126876999,7.31086658107319e-06,0.00374816246292799
"ENSG00000197251",12.8681348445017,-7.05771851856558,1.57456493118946,-4.48232929539086,7.38326974163646e-06,0.00374816246292799
"ENSG00000256546",67.5631221523486,-3.61216111246287,0.802133492573286,-4.50319198226579,6.69403613289153e-06,0.00374816246292799
"ENSG00000214212",63.3059021128137,-3.70313745340137,0.823434264029087,-4.49718649705176,6.88585850394416e-06,0.00374816246292799
"ENSG00000141738",7.989882167111,-6.36961180454752,1.42830948999031,-4.45954595218067,8.21334631856717e-06,0.00395362446203028
"ENSG00000204277",11.6037124227409,-6.90367108468818,1.54755030661495,-4.46103177077906,8.15659956524883e-06,0.00395362446203028
"ENSG00000158966",85.7275464336484,2.81602479053868,0.633112670963597,4.44790464587083,8.6712004776335e-06,0.00397987936340871
"ENSG00000124785",198.46345042196,4.59019733576951,1.03130241507654,4.45087422337592,8.55214225610409e-06,0.00397987936340871
"ENSG00000088726",27.1517720336022,-4.32875698394646,0.974362030956807,-4.44265770464772,8.88544621131503e-06,0.00398552650969349
"ENSG00000205784",12.160082008137,-6.97090058858749,1.57354653329927,-4.43005684361398,9.42082526655642e-06,0.00413176461023905
"ENSG00000167077",158.858721627036,-3.87703545425985,0.876141913259329,-4.42512268342114,9.63874896723525e-06,0.00413544238298597
"ENSG00000188112",17.3093201207059,-4.45975743322422,1.01392052590941,-4.39852761558818,1.08987760371916e-05,0.00451957883078837
"ENSG00000012124",394.078109986233,-4.37833913461541,0.995829205968298,-4.39667676783803,1.09920847120917e-05,0.00451957883078837
"ENSG00000198223",80.9019697253194,-2.89549782550994,0.661640092290507,-4.37624300469176,1.20742399775987e-05,0.00486320816730384
"ENSG00000135318",482.27259304433,3.09402987620823,0.712136440756158,4.34471500001171,1.39456599424903e-05,0.00539669695343116
"ENSG00000286122",27.0364041052796,-6.63430969950579,1.52596550511961,-4.34761446261249,1.37626250240962e-05,0.00539669695343116
"ENSG00000123700",225.564435920955,4.32365977212637,0.997041724710611,4.33648829830196,1.44777130691277e-05,0.005494848944852
"ENSG00000174348",26.2118370679641,4.10539659490688,0.948638099633456,4.32767416414454,1.50692176376299e-05,0.00558219531431466
"ENSG00000124772",217.273921192742,-4.57206433743125,1.05719655308216,-4.32470605782985,1.52735380509217e-05,0.00558219531431466
"ENSG00000130513",1347.48991899575,-3.79584877325779,0.878748823562801,-4.31960609388687,1.56307949986516e-05,0.00560889763806159
"ENSG00000105894",92.3193532478269,3.31709372079229,0.770803536323142,4.30342307018383,1.68179261847998e-05,0.0058231331786528
"ENSG00000126882",432.006484718716,-2.66092691846853,0.617868237696837,-4.30662519307902,1.65764129428424e-05,0.0058231331786528
"ENSG00000187546",15.8769578460125,-4.91444503084381,1.14431500138107,-4.29466101983508,1.74960458773793e-05,0.0059534820937234
"ENSG00000112837",27.5889703041423,3.47178988025962,0.810685939703207,4.28253372882062,1.84777111912119e-05,0.00618095098423319
"ENSG00000128408",29.3909427165018,-2.67712395198111,0.6284372656259,-4.2599700851839,2.04454265992381e-05,0.00672518232270938
"ENSG00000133216",68.8252427960359,-3.60464974258261,0.849342746310834,-4.24404606766773,2.19525254885671e-05,0.00710254168921903
"ENSG00000150361",6.84096884738889,-6.14633348024339,1.46203098791244,-4.20396936252316,2.62274453807998e-05,0.00834878809734622
"ENSG00000120949",22.4117814553117,-5.39119116908466,1.28641332962477,-4.19087010755493,2.7788672109575e-05,0.00835171394815548
"ENSG00000215838",39.3769209301679,-3.20892833287059,0.767145662324827,-4.18294528726913,2.87756662178036e-05,0.00835171394815548
"ENSG00000113763",16.9806101685986,-3.92365524543906,0.937761488541177,-4.1840652376788,2.8634187919788e-05,0.00835171394815548
"ENSG00000010671",168.767240933299,-3.55040655328368,0.846722855713337,-4.19311529070817,2.75149513689089e-05,0.00835171394815548
"ENSG00000229272",152.957016191306,-2.03012430965505,0.485297897184556,-4.18325387650093,2.87366173461311e-05,0.00835171394815548
"ENSG00000133121",463.371645588794,2.31514769061438,0.552231590090968,4.19234924650546,2.76080539834986e-05,0.00835171394815548
"ENSG00000126785",1153.60098067544,1.86276228774249,0.446096699390521,4.17569170605273,2.97081941115336e-05,0.00839366448842424
"ENSG00000142449",35.8212441111054,-4.40521586345434,1.0550878183644,-4.17521251480593,2.97708002730896e-05,0.00839366448842424
"ENSG00000115252",21.2010964495169,-3.67240989582732,0.882194448332994,-4.16281229468939,3.14351772756953e-05,0.00861673137101559
"ENSG00000161031",17.6278749651702,-5.42452488069639,1.30247298323768,-4.16478879063743,3.11640929496469e-05,0.00861673137101559
"ENSG00000178734",36.7926720463323,4.41291135986702,1.06165162598266,4.15664729546517,3.22951984845757e-05,0.00865639138025739
"ENSG00000137766",23.7678707737814,-4.15771618236151,1.00053227359672,-4.15550431713245,3.24570815838593e-05,0.00865639138025739
"ENSG00000185274",48.0297268825006,-3.97782220535629,0.960254956883658,-4.14246464112576,3.43593353973831e-05,0.0088889123217493
"ENSG00000132359",172.360780655945,-2.52640089956014,0.609440276532151,-4.14544459374415,3.39155004940233e-05,0.0088889123217493
"ENSG00000244649",22.5509605598768,-6.39252572371426,1.54396387594363,-4.14033373663443,3.46800896217418e-05,0.0088889123217493
"ENSG00000130720",28.9367657371552,-4.65297111648699,1.12925823707466,-4.12037828348325,3.78250850661449e-05,0.00957071639571073
"ENSG00000160716",52.3129689916452,2.41203566241554,0.586431575749147,4.11307262801162,3.90427486436199e-05,0.00975376819279091
"ENSG00000249816",35.027628914546,-3.61958704803009,0.881217370498442,-4.10748490577614,3.9999090887762e-05,0.00986777572201088
"ENSG00000079931",113.063365482188,-4.84273201065266,1.18643036251686,-4.0817667548388,4.46946398576611e-05,0.0107572367345219
"ENSG00000185070",267.310630268126,2.97152874000143,0.727690304986638,4.08350739268953,4.43610173717004e-05,0.0107572367345219
"ENSG00000171840",24.0491284680453,-4.13375054148276,1.01455945478239,-4.07442907559261,4.61273678341978e-05,0.0109683100189847
"ENSG00000108846",33.5595511661224,-3.74201282972555,0.919429620125261,-4.06992851635098,4.70275651221919e-05,0.0110492383958521
"ENSG00000141293",50.1930905383596,-4.31638074793547,1.06140461645095,-4.06666852681334,4.7690000922013e-05,0.011073057155257
"ENSG00000162398",12.0623804484825,-6.9643116733118,1.71819491027203,-4.05327220542702,5.05061775498923e-05,0.0114573554037319
"ENSG00000204118",10.4238988220002,6.95163037771528,1.71410883007399,4.05553618052083,5.00194288458876e-05,0.0114573554037319
"ENSG00000156222",21.1435757499368,-3.24412605658921,0.801955869862557,-4.04526754962864,5.22634012279344e-05,0.0117212555299376
"ENSG00000105641",20.3369434713428,-5.29479019080991,1.30998666000754,-4.04186573226587,5.30275945713048e-05,0.0117590180501042
"ENSG00000089558",22.1320917045273,-4.0114305665231,0.993158994566449,-4.03906181031391,5.36654231847693e-05,0.0117682310219401
"ENSG00000091428",1074.26080515368,2.42021203134594,0.600451172446116,4.03065585081046,5.56214336867279e-05,0.0119364561323703
"ENSG00000175592",36.1055296360379,-4.38875632560325,1.08886789174081,-4.03056822493573,5.56421749178188e-05,0.0119364561323703
"ENSG00000182557",27.9882101765817,-4.1039727076735,1.01978150465452,-4.02436471826761,5.71293225816917e-05,0.0121237022631427
"ENSG00000138411",18.6554532441352,-2.78716406486284,0.694831485163792,-4.0112806117383,6.03902795680601e-05,0.0124394018866047
"ENSG00000179388",77.9131377903306,-4.59991201354922,1.14661025341145,-4.01174854303225,6.02706785995861e-05,0.0124394018866047
"ENSG00000004939",11.0453864149902,-6.83747934831335,1.70475780756535,-4.01082154777065,6.05078324439628e-05,0.0124394018866047
"ENSG00000183111",1147.02344904334,1.4904178764981,0.372181492567911,4.00454591714053,6.21367214172617e-05,0.0125135748356232
"ENSG00000131269",446.376183050955,1.33842659176828,0.334129845243271,4.00570799293252,6.18319972583358e-05,0.0125135748356232
"ENSG00000082482",729.524547068895,2.43074076188151,0.609925219628279,3.98530948328867,6.73922310156335e-05,0.0129131366148014
"ENSG00000164099",25.5941173159453,3.46745306346339,0.869563202340853,3.98758026343462,6.6750624963275e-05,0.0129131366148014
"ENSG00000158516",16.0221572172392,-5.893068450528,1.47848922396845,-3.98587176354947,6.72328180307622e-05,0.0129131366148014
"ENSG00000253557",28.8590191610588,-5.20190899537063,1.3023120750423,-3.99436440394033,6.48680319694197e-05,0.0129131366148014
"ENSG00000267134",6.70516634451906,-6.11849623734459,1.5336095818653,-3.98960485751711,6.61834568974181e-05,0.0129131366148014
"ENSG00000009950",20.7493650882007,-3.35498908037935,0.842758996112842,-3.98095908302844,6.86377647554641e-05,0.0130253358193638
"ENSG00000205364",71.3895302602209,-4.06196898822898,1.0210069231195,-3.9783951472321,6.93819959987961e-05,0.0130411721241166
"ENSG00000186583",48.5473419608338,-3.15576629980778,0.794226608317699,-3.97338274336113,7.08590485601741e-05,0.0131931526639962
"ENSG00000087258",408.759916653439,2.19567457132347,0.554493075313578,3.9597871805374,7.50165851934511e-05,0.0138367039754949
"ENSG00000197595",362.218966785339,-4.13269399993136,1.04667378377907,-3.94840690956267,7.8672997481409e-05,0.0143767618360471
"ENSG00000183580",138.231094733334,2.62458849648294,0.665264384419086,3.94518113091948,7.9739679686479e-05,0.0144380029201133
"ENSG00000257986",11.0244432952264,-4.37032146723253,1.10937547795155,-3.93944300562897,8.1671000652519e-05,0.0146532624443465
"ENSG00000281103",27.0626588288371,-5.04471655195082,1.28281572530828,-3.93253407517941,8.40550601283253e-05,0.0148976949357597
"ENSG00000261235",56.6906909083964,-2.26748094311266,0.576799444635205,-3.93114272942256,8.45430600326856e-05,0.0148976949357597
"ENSG00000091136",240.91806814127,2.49530405134799,0.637749774130044,3.91266943959618,9.12814474074088e-05,0.0159427490799347
"ENSG00000115155",24.1709630795777,-4.93752243204072,1.26268933829389,-3.91032242238789,9.21730027622742e-05,0.0159572489694407
"ENSG00000130226",465.281158521545,2.13171468227704,0.546679593117425,3.89938587266629,9.64369799644079e-05,0.0165502629267613
"ENSG00000283408",9.6127373353896,-6.63741285510834,1.70377322824902,-3.89571378693962,9.79099552808365e-05,0.0166581972191603
"ENSG00000169760",1109.35238379628,4.09878360999559,1.05344450893805,3.89083959830735,9.98979568439118e-05,0.0167083565785715
"ENSG00000169946",26.2815688583312,-3.72596131461098,0.957326153786001,-3.89205006034326,9.94007277996806e-05,0.0167083565785715
"ENSG00000165795",909.030040742293,1.80860258185503,0.465129388658375,3.88838595443687,0.000100913067786175,0.0167363050909912
"ENSG00000170542",1355.63248053317,-1.86959628456127,0.481781986587236,-3.88058569355155,0.000104205220812782,0.016857329819353
"ENSG00000286523",6.4828038464225,-6.07363018149565,1.56433584505444,-3.88256153606472,0.000103361847645215,0.016857329819353
"ENSG00000172915",212.40839225351,2.14872846339683,0.553278957329308,3.88362585443118,0.000102910225391059,0.016857329819353
"ENSG00000071967",1293.34095610266,2.74688658819017,0.709075201484221,3.87390023292374,0.000107107274559313,0.0169109533656208
"ENSG00000162804",482.133185962371,2.18609446481934,0.564149430834841,3.87502733377629,0.000106612731679193,0.0169109533656208
"ENSG00000177238",6.68091619016406,-6.11732057810087,1.57781398714531,-3.87708603671892,0.000105714983043681,0.0169109533656208
"ENSG00000218052",10.1982701370432,-6.71872997060385,1.73755697821541,-3.86676814334137,0.000110287189510361,0.0171388029305236
"ENSG00000229107",9.46165113070713,-5.87011775917094,1.51806806943136,-3.8668343517493,0.000110257264474561,0.0171388029305236
"ENSG00000285791",78.1513979618184,-2.44371717829937,0.632817839353094,-3.86164394606431,0.000112626623171024,0.0173656174601823
"ENSG00000023892",410.077799837893,-2.8338648527258,0.735634704548518,-3.85227183438148,0.000117027003888652,0.017497310217776
"ENSG00000253438",69.3056170765983,-3.0639533011179,0.795223150870508,-3.85294781441395,0.000116704270520022,0.017497310217776
"ENSG00000169715",192.340743400296,-2.60822800267081,0.676709265372069,-3.85428150039701,0.000116069988429823,0.017497310217776
"ENSG00000225872",92.5102969903747,-2.90455056015989,0.753398904618051,-3.85526252076568,0.000115605505839152,0.017497310217776
"ENSG00000248713",66.3233671679526,-2.38609004619705,0.62091624422276,-3.84285331298405,0.000121612160120557,0.0180461473093181
"ENSG00000275302",96.6011457950864,-4.08825282161857,1.06561671581433,-3.83651341138582,0.000124793384123693,0.018380016634815
"ENSG00000000938",60.1250760700869,-3.68515747224659,0.961197951666077,-3.83392147877447,0.000126116414860694,0.0184372856569679
"ENSG00000147689",21.3018431272029,-4.65936735704803,1.21931818599054,-3.82128915207059,0.000132755887913581,0.0192652220872237
"ENSG00000228334",8.38355145798424,-6.4381801720517,1.69164080974924,-3.80587896375357,0.000141301475826232,0.0201057434132536
"ENSG00000171798",643.965978109335,2.12918383599619,0.559523857319513,3.80534950948541,0.000141604090719611,0.0201057434132536
"ENSG00000160307",737.641166354477,-2.04667895759464,0.537593248882234,-3.80711432267817,0.000140597760948617,0.0201057434132536
"ENSG00000254101",48.0507985037775,-3.23501787122211,0.85053052137872,-3.80352943240427,0.000142649036286043,0.020109438429581
"ENSG00000221955",47.2171757006444,-3.12999061696683,0.823600155697434,-3.80037642697666,0.00014447645158197,0.0202226045987359
"ENSG00000164796",33.0377234833937,-4.06992010438626,1.07154823452978,-3.79816789691436,0.000145769573440888,0.0202599176156997
"ENSG00000159339",9.01900695474209,-6.54560732727335,1.72686597809182,-3.79045473726122,0.00015037173393278,0.020355454319223
"ENSG00000176601",27.2858023137776,-3.57824511748117,0.94372946808842,-3.79160049407921,0.000149679558014538,0.020355454319223
"ENSG00000138166",134.923648722471,-3.5760231384686,0.944357517738342,-3.78672597114796,0.000152645279653679,0.020355454319223
"ENSG00000132470",80.0604019996266,1.94994759298302,0.513803906334303,3.79512021793447,0.000147571932471238,0.020355454319223
"ENSG00000167769",6.23979768854638,-6.01886545330587,1.58905451901625,-3.78770229798787,0.000152046875473005,0.020355454319223
"ENSG00000076662",22.7659344553489,-5.86611047192396,1.54777604453423,-3.79002536745504,0.000150631900681959,0.020355454319223
"ENSG00000286639",618.569159050815,3.75695116314209,0.993827243255509,3.7802859487282,0.00015664834451238,0.0206037047035594
"ENSG00000258628",35.3172894940318,-4.66779742168917,1.23528650376688,-3.7787164414532,0.000157638802707614,0.0206037047035594
"ENSG00000180061",31.081805883963,-3.58012323586531,0.947006409529312,-3.78046357431174,0.000156536621227139,0.0206037047035594
"ENSG00000196368",29.6460567221276,2.18528740019275,0.579227273910136,3.77276329797237,0.00016144944256066,0.0206906895998518
"ENSG00000272163",11.336308867268,5.53625431944179,1.46723768887924,3.77324980226665,0.000161134805252832,0.0206906895998518
"ENSG00000078328",113.449955247656,-3.33962555064763,0.885050842743725,-3.773371414793,0.000161056244877848,0.0206906895998518
"ENSG00000168389",24.9870836996139,-3.91241567323379,1.04201732300586,-3.75465511643111,0.000173580321141934,0.0211467976423285
"ENSG00000233358",16.2111505139924,-5.91151339687756,1.57409048414534,-3.75551053539799,0.000172988483597118,0.0211467976423285
"ENSG00000237339",20.6401650817866,-5.31692388187054,1.41537875743122,-3.75653785529484,0.000172280221461749,0.0211467976423285
"ENSG00000255733",47.8832890678473,-4.93623439928728,1.3112109835436,-3.7646377747286,0.00016679068614482,0.0211467976423285
"ENSG00000132874",11.1225656664045,-5.36295975160307,1.4269210771283,-3.75841371857516,0.000170993982180606,0.0211467976423285
"ENSG00000233896",5.98646970078047,-5.958145320551,1.58487618064652,-3.75937590160545,0.000170337743851928,0.0211467976423285
"ENSG00000171487",6.45843979754544,-6.06692246922546,1.61226560766599,-3.76297952420401,0.00016790095345436,0.0211467976423285
"ENSG00000279864",19.6215183583889,-6.18883987285133,1.64588541895872,-3.76018877229422,0.000169785187888315,0.0211467976423285
"ENSG00000171848",187.482410572137,-1.97044934527062,0.526157492852507,-3.74498010963987,0.000180408068084032,0.021843764611696
"ENSG00000130433",8.03282723521285,-6.3762738165104,1.70430749504066,-3.74126959780711,0.000183092983922436,0.0220336776261781
"ENSG00000266302",149.521334610308,-7.19329427543503,1.92732796678619,-3.73226269705919,0.000189767442956634,0.0226984863890432
"ENSG00000253100",8.46045520891651,-6.45353473163332,1.73554636212568,-3.71844559872726,0.000200452448812314,0.0238321056009628
"ENSG00000163501",9.22089663792703,5.38300319777109,1.4482681025392,3.71685545537684,0.000201717770927303,0.023838933694738
"ENSG00000151468",161.481365691837,1.76566151382156,0.476284440759397,3.70715766193487,0.000209598465434741,0.0246228292489289
"ENSG00000256538",7.08511169308153,-6.19811513041678,1.67330846038847,-3.70410792579024,0.000212135933440664,0.0246585058961139
"ENSG00000103089",17.6484271130021,-5.03831963840451,1.36031411705126,-3.70379133411189,0.000212400993227572,0.0246585058961139
"ENSG00000126583",15.0019057265375,-4.79683391563366,1.29844017318389,-3.69430491654568,0.00022048909456935,0.0254477939790683
"ENSG00000175643",174.310963176495,-1.73536362522141,0.470578353951891,-3.68772513790302,0.000226267870225557,0.0258898838073145
"ENSG00000267365",15.5307975932966,3.76143946156132,1.02046581511249,3.68600241757895,0.00022780418700631,0.0258898838073145
"ENSG00000127530",105.886474735803,-2.96870326982786,0.805509172103302,-3.68549902675365,0.000228254954523345,0.0258898838073145
"ENSG00000197653",21.693952672193,-3.17625089658917,0.862651076609067,-3.68196479748738,0.000231443373943255,0.0261015224465376
"ENSG00000103489",1298.60648956334,1.5310492920291,0.416159527317119,3.67899613376487,0.000234153817324549,0.0262571576063483
"ENSG00000288546",44.7688355638852,-2.05271698286826,0.558761312323972,-3.6736920355683,0.000239070851059345,0.0264144974579778
"ENSG00000256995",15.7288654333279,-3.51741847644279,0.957600884807977,-3.67315708688816,0.000239572104021991,0.0264144974579778
"ENSG00000235888",41.3856964790988,-2.63687055458255,0.717686630331076,-3.67412522839688,0.000238665665689197,0.0264144974579778
"ENSG00000179104",216.827697962564,-2.97529249426569,0.810351729000834,-3.6716062763687,0.000241030809348783,0.0264276891850421
"ENSG00000109255",22.9750046190958,-4.5136395494218,1.23117875597356,-3.66611227453533,0.000246265838052383,0.0267049592296803
"ENSG00000025423",41.084948035962,-3.25200680608152,0.886840815670686,-3.6669566269592,0.000245454409103375,0.0267049592296803
"ENSG00000153093",25.8834453237215,-3.98255738076893,1.08923765239378,-3.65627957500055,0.000255902257511565,0.0275982893674767
"ENSG00000174469",48.6216509253465,-3.38157172739842,0.926459132817589,-3.64999556657641,0.000262244835092512,0.027999155060355
"ENSG00000125851",55.7375312124946,3.13363352424911,0.858579550624885,3.6497882135306,0.000262456611581155,0.027999155060355
"ENSG00000124721",16.2222583054343,-3.82355818357392,1.04958781082237,-3.64291405078162,0.000269568869056187,0.0286032860198543
"ENSG00000026751",414.619231881469,-6.95339692343711,1.90955142438768,-3.64137714995907,0.000271183523201372,0.0286207380422582
"ENSG00000237473",8.64342592703855,-6.48464435267591,1.78161501726023,-3.63975622671165,0.000272896269756222,0.0286483020207915
"ENSG00000075884",115.562954967368,-3.26048607092774,0.896731338004601,-3.63596757773955,0.000276939165151163,0.0289188961027691
"ENSG00000227790",6.19132679573674,-6.00548315295551,1.6549507272662,-3.62879876361995,0.000284743087985889,0.0295773136025764
"ENSG00000196260",8.51700412796756,-4.96934451614336,1.37275077032854,-3.61999033149626,0.000294614024175027,0.0303997953663092
"ENSG00000266913",43.2022566759042,-2.83622996493965,0.783705090629568,-3.61900158471759,0.000295741827641435,0.0303997953663092
"ENSG00000253304",125.119397324518,-3.39588795934303,0.940001833480283,-3.61263971876525,0.00030309569626588,0.0307536606032595
"ENSG00000124507",44.5022328639447,-2.34653661729282,0.649980817016848,-3.61016287844076,0.000306004788309167,0.0307536606032595
"ENSG00000160963",100.140702946631,-2.78361158940535,0.770677238563409,-3.61190320683945,0.000303958025436701,0.0307536606032595
"ENSG00000221818",11.2263471978584,-4.36033971488244,1.20653904657269,-3.61392341778618,0.000301598178853302,0.0307536606032595
"ENSG00000122025",17.3248739834201,-3.95093562833089,1.09464176943902,-3.6093411914618,0.000306975635328441,0.0307536606032595
"ENSG00000276043",96.7527336376196,-1.97846699629093,0.548779031697997,-3.60521609247585,0.000311893295581458,0.0310885155636144
"ENSG00000234464",7.62914511669975,-6.3049898401819,1.74967822379191,-3.60351392298733,0.000313943922225948,0.031135664568097
"ENSG00000263745",14.6968139625497,-4.15826301125062,1.15465726693651,-3.6012963589474,0.000316634387908376,0.0312454813987986
"ENSG00000111249",44.4895932111459,-3.17957062830015,0.885420267795895,-3.59102986903062,0.000329373882049896,0.0323409101300335
"ENSG00000277654",9.55260222462561,-5.11450195553936,1.4305813998362,-3.5751212451979,0.00035006562806589,0.0340339666773813
"ENSG00000073146",115.48899002063,-3.5493701724634,0.992479511737752,-3.57626543468765,0.000348537765633236,0.0340339666773813
"ENSG00000146285",24.5746441206673,-4.49761083646055,1.26093198898451,-3.56689407180692,0.000361237416662609,0.0349479492904571
"ENSG00000236780",34.4354358794086,-2.50364119783826,0.703036902418477,-3.5611803437709,0.000369191384809244,0.0351657964948031
"ENSG00000183117",34.721939945615,-3.18874688583478,0.895672937292754,-3.56016884407944,0.000370616420293831,0.0351657964948031
"ENSG00000271395",5.34234347183834,-5.78962422885089,1.62539276696853,-3.56198473778675,0.000368061785378745,0.0351657964948031
"ENSG00000138623",463.16911174682,-2.51580008106563,0.706142394396263,-3.56273763058312,0.000367007436743255,0.0351657964948031
"ENSG00000121446",10.9541970438943,-5.33958573067889,1.5025211132873,-3.55375088140801,0.000379778772326686,0.035522814458007
"ENSG00000254202",8.07183912816974,-6.38543383665629,1.79669749655695,-3.55398382248144,0.000379442553273044,0.035522814458007
"ENSG00000166250",15.0232439981139,-3.62601515697522,1.02027916659805,-3.55394413184537,0.00037949982168771,0.035522814458007
"ENSG00000116329",13.8288388160736,-3.65141532996997,1.02809297481015,-3.55163921885981,0.000382839401786817,0.0356017410401902
"ENSG00000176571",26.7441886840461,-3.47248677298662,0.977976654408975,-3.55068472987749,0.000384230383135413,0.0356017410401902
"ENSG00000288016",7.33302988737556,-6.24649742203366,1.76101980674573,-3.5470909515645,0.000389510096539467,0.0359222956322567
"ENSG00000214894",41.4065634249248,-2.47833113456097,0.699277801591959,-3.54412957042089,0.000393911607381816,0.0360659955889482
"ENSG00000133863",56.5579163477354,-4.1645311178987,1.17523039603414,-3.54358696979935,0.000394723097244265,0.0360659955889482
"ENSG00000205334",16.9320300781795,-3.91348958916735,1.10519236342588,-3.54100310378212,0.00039860888918409,0.0360869038391615
"ENSG00000171587",27.4023884490155,-3.08421494703679,0.870738750914227,-3.54206694464733,0.000397004705332233,0.0360869038391615
"ENSG00000244128",27.2240792369255,-4.04175342191459,1.14275346604077,-3.53685509781722,0.000404921758675596,0.0364910311836601
"ENSG00000188573",138.773389362249,1.59662447881561,0.452100574692147,3.53156923081289,0.000413101709575946,0.0365281083151614
"ENSG00000157703",13.3529484023643,-4.67156658226796,1.32441432372196,-3.52726975131137,0.000419868762972565,0.0365281083151614
"ENSG00000223511",9.11007837297083,-5.81516015736599,1.64573991496379,-3.53346242896098,0.000410154381163174,0.0365281083151614
"ENSG00000133124",18.9685509317468,3.30415084153813,0.937799809633729,3.52330082347597,0.000426207307927046,0.0365281083151614
"ENSG00000285880",5.28282244197323,-5.77615013375018,1.63704241515747,-3.52840591072563,0.000418070541148932,0.0365281083151614
"ENSG00000253901",10.7808463410625,-3.63131060539213,1.02851217157092,-3.53064427020418,0.000414548869215215,0.0365281083151614
"ENSG00000120832",132.287211149981,1.6632100817961,0.472171355884274,3.52247136779669,0.000427543221564769,0.0365281083151614
"ENSG00000205978",536.218493938572,1.63246363239599,0.46319221831125,3.52437620465167,0.000424481110930876,0.0365281083151614
"ENSG00000197256",3547.88022890314,2.04505175470351,0.580067654479513,3.52554006228551,0.000422620249186301,0.0365281083151614
"ENSG00000133454",19.8495250280548,-5.31875261819522,1.50890214331639,-3.52491554323411,0.000423617827262036,0.0365281083151614
"ENSG00000138892",12.3476042976442,-4.50780492018973,1.27969741618647,-3.52255530344282,0.000427407858001818,0.0365281083151614
"ENSG00000142178",127.970820244171,-2.75019224826056,0.779536489269367,-3.52798398294123,0.000418737493357626,0.0365281083151614
"ENSG00000186431",9.02841273584241,-5.80593683357927,1.65359037454834,-3.51110947604849,0.000446240585758745,0.0379612250023043
"ENSG00000237990",19.9047831391983,4.07000234095934,1.16114103291201,3.5051748457741,0.000456307503121831,0.03865100807559
"ENSG00000255346",605.098267027413,-2.88631352239375,0.823762573842092,-3.50381725760101,0.000458639974138526,0.0386825578187946
"ENSG00000147697",7.65618408206136,-6.30949774205226,1.8028779654909,-3.49968098940867,0.000465815259060867,0.0391205529907458
"ENSG00000254233",8.32245389278221,-6.42953626932401,1.83915062551694,-3.49592696765489,0.000472417980610894,0.0393743578666243
"ENSG00000197019",310.599493056012,-1.89047501578985,0.540800785003837,-3.49569576859331,0.00047282746323419,0.0393743578666243
"ENSG00000234352",8.28998848111372,-6.42403375749405,1.8389423709079,-3.49333065523009,0.000477035436826647,0.0395578629462635
"ENSG00000229671",6.1855685821168,-5.99558394674058,1.72173881962111,-3.48228423406285,0.0004971556875067,0.0410538269817248
"ENSG00000249484",11.8589276917589,-4.44732920790557,1.27965884125544,-3.47540224357173,0.000510087865469435,0.0419462254704366
"ENSG00000259459",8.14760619128549,-6.39872804213153,1.8423258080113,-3.47317939872895,0.000514331438824772,0.0421196899445879
"ENSG00000179165",21.0078033171905,-4.27310305285352,1.23472798325885,-3.46076472777056,0.000538643339352098,0.0439283675431943
"ENSG00000282987",12.4244741718931,-3.9683096645836,1.14745364466828,-3.45836163667492,0.00054347134621565,0.0440428936908613
"ENSG00000165091",12.7719611945865,-3.50902750187544,1.01480130989613,-3.45784683923458,0.000544510846198325,0.0440428936908613
"ENSG00000267748",5.54595784973994,-5.84910744089129,1.69294592369146,-3.45498775775268,0.000550317809677161,0.0443309073134222
"ENSG00000227160",12.3326143017543,-3.8707116664245,1.12080953508555,-3.45349637494747,0.000553369740844111,0.0443955496150381
"ENSG00000239498",8.65082280749129,-5.04518600840832,1.46401943414214,-3.44611956013042,0.00056869868913315,0.0449197829019345
"ENSG00000260192",17.6232312051821,-2.99967271501457,0.87103097261666,-3.44381865779498,0.000573560259996326,0.0449197829019345
"ENSG00000120738",649.68456397607,-3.28382326045244,0.952513028538555,-3.44753631925731,0.000565724339597631,0.0449197829019345
"ENSG00000287252",11.7627608240377,-4.42654018623695,1.28342321266046,-3.44901053882374,0.000562644742321025,0.0449197829019345
"ENSG00000167346",6.37076706827009,-6.04448272605718,1.75448778829592,-3.44515519935765,0.00057073159465753,0.0449197829019345
"ENSG00000275016",4.52135520951136,-5.55269426944814,1.61195185524162,-3.44470230385127,0.00057168864729836,0.0449197829019345
"ENSG00000267121",91.5576103053446,-2.52555481004251,0.734347862615337,-3.43918044650923,0.000583478176366948,0.0455109541580633
"ENSG00000185022",466.266975532223,-1.66033764296294,0.482917134014314,-3.43814192128815,0.000585720630125054,0.0455109541580633
"ENSG00000259995",7.1337361962248,-6.19488502009192,1.80350299539384,-3.43491806551677,0.000592733012502584,0.0455182051935837
"ENSG00000266256",12.0329981873488,-3.88925103470363,1.13202922932642,-3.43564541793484,0.0005911441161146,0.0455182051935837
"ENSG00000167476",40.3080201059714,-4.28485149998123,1.24712155733579,-3.43579298647914,0.000590822237824548,0.0455182051935837
"ENSG00000122787",8.76113467172842,-5.00548737481741,1.45869567711853,-3.43148159916751,0.000600293853363764,0.045742855173696
"ENSG00000171241",77.4098286524234,-1.83416447800828,0.534376140501505,-3.43234725316692,0.000598380847109987,0.045742855173696
"ENSG00000260123",6.43678897182181,-6.0595079343236,1.77027729890983,-3.4229145558468,0.000619535482685513,0.0470275087933896
"ENSG00000251002",14.2570677088706,-4.42379029166937,1.29376867255893,-3.41930546433747,0.000627812055458022,0.0474731751973928
"ENSG00000226091",42.2270095721905,-3.16714852306836,0.927087884550211,-3.41623332140182,0.000634938195063792,0.0478287794571717
"ENSG00000286700",20.1209789559702,2.62312981133284,0.768329175822119,3.41407028898267,0.000640000623082242,0.0478448950649664
"ENSG00000013523",581.55318773291,1.34791124634628,0.394801696384457,3.41414755481113,0.000639819143009132,0.0478448950649664
"ENSG00000260866",7.19502857124127,-6.21943068351817,1.8255360302109,-3.40690656365717,0.000657036152838706,0.0489330774053762
"ENSG00000163564",35.1312508573988,-3.44108262617388,1.01124675183686,-3.40281204357235,0.000666961456308295,0.0489336479617119
"ENSG00000168754",656.642374205132,-3.19204958198462,0.937698414669824,-3.4041324289842,0.000663745654456225,0.0489336479617119
"ENSG00000126733",16.6043469519622,-3.2813154764677,0.963926905583494,-3.40411234239947,0.000663794467203053,0.0489336479617119
"ENSG00000287277",14.64767093992,-4.68297972512534,1.37611991467904,-3.40303172359626,0.000666425422451054,0.0489336479617119
"ENSG00000196549",591.033456562463,-5.2202599226791,1.53529606080595,-3.40016499484714,0.000673452025760826,0.0492268488163543
"ENSG00000162409",140.515002212357,3.78092075487467,1.11299623691489,3.39706517369276,0.000681127425095163,0.0494218046385226
"ENSG00000157445",28.0095470666606,-2.86520301482103,0.843413498573647,-3.39715100560587,0.000680913808429198,0.0494218046385226
"ENSG00000070729",10.3059509474497,-4.16496606869098,1.2268003995914,-3.3949826476077,0.000686329503555639,0.049435763073628
"ENSG00000266365",4.55110739802641,-5.56140023122242,1.63777094068872,-3.39571309580309,0.000684500678693957,0.049435763073628
"ENSG00000180697",4.42447338439485,-5.52195422107181,1.62861776804009,-3.39057716883258,0.000697456158944327,0.0498681196453072
"ENSG00000253642",16.227533364314,-3.89963541130327,1.15046609879511,-3.38961349264215,0.000699912299440114,0.0498681196453072
"ENSG00000124203",19.0352400369893,-3.89757661206653,1.14985718461916,-3.38961800143679,0.000699900789093625,0.0498681196453072
"ENSG00000128591",179.349783702107,3.48382700351201,1.02857749209025,3.38703406432924,0.00070652614727772,0.0501582735347953
"ENSG00000285706",4.2127163248902,5.638658448328,1.66825240511997,3.37997921119287,0.00072491312676626,0.0507970183740542
"ENSG00000172638",731.376608433645,1.54461745148618,0.457036625523511,3.37963604058405,0.00072581876679587,0.0507970183740542
"ENSG00000137474",140.107632133794,-2.27421202886344,0.672760362044271,-3.3804191762323,0.000723753578266782,0.0507970183740542
"ENSG00000129451",11.7263223653284,-5.43543323792718,1.60731902118786,-3.38167667169783,0.000720448883551028,0.0507970183740542
"ENSG00000155966",37.070335388098,1.81106410788501,0.536343788979576,3.3766851506394,0.000733649765107539,0.0511636458097611
"ENSG00000151952",25.8613060021211,-3.22315888391938,0.955346101796108,-3.37381277618619,0.000741347712644924,0.0513376787956499
"ENSG00000015413",27.1296501292845,-4.64719009702248,1.37713217538358,-3.37454180513071,0.000739386846828907,0.0513376787956499
"ENSG00000146926",120.305368901429,-5.67495235008835,1.68581296287242,-3.36630010272249,0.000761837764032496,0.0525721332550537
"ENSG00000228262",27.0720230001612,-3.43728588757714,1.02260626075706,-3.36129947515913,0.000775766632869693,0.0533467953530183
"ENSG00000088881",328.973872924772,1.96558239940017,0.584957148628452,3.3602160500284,0.000778815425034245,0.0533704903766523
"ENSG00000253111",12.6654377892731,-3.96762183252436,1.18472082979598,-3.34899305620178,0.000811058283529446,0.0551135396932119
"ENSG00000263551",12.7890357618079,-5.56214270230625,1.66110617214965,-3.34845706768295,0.000812628701394643,0.0551135396932119
"ENSG00000171747",15.7061968177492,-2.47267706128677,0.738256792095394,-3.34934549571644,0.00081002718960768,0.0551135396932119
"ENSG00000185774",156.623006025642,-1.94416030417998,0.580831718747494,-3.34720064595021,0.000816321015375747,0.0551743546556703
"ENSG00000145287",62.3353426289572,-3.30993700599768,0.989341027546557,-3.34559763907286,0.000821054457083469,0.0553048831569943
"ENSG00000165197",95.88730606938,-1.91957629076214,0.574643034784108,-3.34046734157897,0.000836375168780229,0.0558046919750347
"ENSG00000286662",4.34327987497223,-5.49418170263508,1.64418156688696,-3.34159062069865,0.000832998197194441,0.0558046919750347
"ENSG00000183092",323.392430493509,1.57288703671693,0.471017697843678,3.33933744722889,0.000839784835659977,0.0558046919750347
"ENSG00000160185",15.3077070243232,-5.82035169052395,1.74280834402614,-3.33963955960761,0.000838871894623929,0.0558046919750347
"ENSG00000230866",6.31453593188418,-6.03365150813129,1.80906189641992,-3.3352377384498,0.000852265027427563,0.056443968393659
"ENSG00000168702",34.3398952292008,-2.7405631209286,0.823653842374262,-3.32732390712665,0.000876843878103393,0.0565535646347992
"ENSG00000163898",54.967895003682,-2.65149253262788,0.796174597572949,-3.33029029148966,0.000867554857752608,0.0565535646347992
"ENSG00000169271",70.7529071806446,3.24093502878455,0.973686505552058,3.3285200219007,0.000873087291067999,0.0565535646347992
"ENSG00000164756",12.306060242382,-3.42447040500378,1.02869258083955,-3.32895411980997,0.000871727632535597,0.0565535646347992
"ENSG00000257817",12.0995694548964,-5.48239952706074,1.64645071954208,-3.32982910571751,0.000868993012515063,0.0565535646347992
"ENSG00000287861",20.5582803114987,-3.71790106065619,1.11639225937472,-3.33028201282815,0.000867580654342305,0.0565535646347992
"ENSG00000088340",130.842957026364,-3.68278336976834,1.10557889915683,-3.33109050161595,0.000865064730016351,0.0565535646347992
"ENSG00000100024",27.1832101427339,-2.70581036043174,0.813170133970533,-3.3274836930125,0.000876341179587553,0.0565535646347992
"ENSG00000248693",10.9330421483495,-4.357212207648,1.31103354257398,-3.32349407254172,0.000888973119864447,0.057149099327833
"ENSG00000245164",15.6843684259985,-3.79505794561788,1.14238933821953,-3.32203550808053,0.000893633209097886,0.0572621591388178
"ENSG00000082438",709.956497881268,1.62682361492416,0.490047747195282,3.31972470893919,0.000901062550566004,0.0575444574401474
"ENSG00000144959",75.7504069682712,-2.12709833240495,0.641365811047937,-3.31651344016834,0.000911482031760259,0.0575444574401474
"ENSG00000287055",12.4251448545504,-3.93858997257178,1.18708643236634,-3.31786284906028,0.000907090128266918,0.0575444574401474
"ENSG00000120498",23.5441567449975,-3.14801501148511,0.949803594085562,-3.31438523826172,0.000918448727890477,0.0575444574401474
"ENSG00000255422",15.4161286960095,-5.79389231106072,1.74722205897495,-3.3160595021676,0.000912963881868524,0.0575444574401474
"ENSG00000251301",49.9141644903619,-3.94900463895521,1.19110892810089,-3.31540176199629,0.000915114991877501,0.0575444574401474
"ENSG00000269179",19.3278690673432,-3.20263599363495,0.966078090756137,-3.31509018192131,0.000916135639273806,0.0575444574401474
"ENSG00000283659",6.99752287807686,-6.1800070410127,1.86777207421565,-3.30875866832302,0.000937105751598162,0.0580382016283716
"ENSG00000170819",10.0393407112776,-5.26405668981061,1.59234970218214,-3.30584210402829,0.000946914315177121,0.0580382016283716
"ENSG00000137225",18.8629681058411,-3.49723087833135,1.05744301477742,-3.30725233365646,0.000942159822288778,0.0580382016283716
"ENSG00000160932",9824.81351585901,-1.82373382999439,0.551656911745749,-3.30592038486943,0.000946649815133709,0.0580382016283716
"ENSG00000178445",16.4780949191722,-2.89684259210242,0.875424690449746,-3.30907115564011,0.000936060441460869,0.0580382016283716
"ENSG00000248746",24.2336852905804,-2.31702666998578,0.700726567305457,-3.30660599739435,0.000944336149009988,0.0580382016283716
"ENSG00000107736",56.6550486860626,-2.50313155240544,0.756427204233123,-3.30915062070402,0.000935794792970188,0.0580382016283716
"ENSG00000253434",14.5108685320253,-3.64860878385907,1.10427308197181,-3.30408197340466,0.000952879656010628,0.0582230120465194
"ENSG00000117152",119.720592783783,3.01528474144498,0.91304381763429,3.30245348931623,0.000958429810393033,0.0583422657623568
"ENSG00000236886",11.8194591009728,-5.41527161126232,1.64010814294413,-3.30177716302382,0.000960743634615218,0.0583422657623568
"ENSG00000115461",800.782719749297,2.56715214575234,0.778237053646203,3.29867632712256,0.000971418493346788,0.0588095563947614
"ENSG00000133246",47.325921244028,-2.3916710739311,0.726518768306183,-3.29196048094818,0.00099491591261721,0.0600478912887255
"ENSG00000227088",17.7801341118903,-4.44638178101514,1.35203060110183,-3.288669485285,0.0010066215689096,0.0605691563536582
"ENSG00000105664",31.2950600911218,-4.00243688852423,1.2180437876766,-3.28595484745161,0.00101637300775132,0.060970023346444
"ENSG00000249738",18.82025627371,-2.88234532567078,0.878148943858241,-3.28229663752357,0.00102965225386102,0.0615794450975791
"ENSG00000278195",7.5029076429208,-6.2737299981415,1.91241320661267,-3.28053057594899,0.00103612033531325,0.0617790662771674
"ENSG00000154027",27.4394306099217,-2.86146931464942,0.873743299366459,-3.27495423052083,0.00105679093819453,0.061956751632495
"ENSG00000117525",70.7233969946848,2.4896478792537,0.760279476689465,3.27464827814968,0.00105793602047785,0.061956751632495
"ENSG00000250781",5.82362823254903,-5.91688119439995,1.80619896090076,-3.27587454233125,0.0010533534128832,0.061956751632495
"ENSG00000250535",20.4242327442689,3.89514911120102,1.18926349451811,3.27526164651957,0.00105564153303465,0.061956751632495
"ENSG00000259471",10.894262312112,-5.32765672245086,1.62601518023157,-3.27651106042696,0.00105098196183748,0.061956751632495
"ENSG00000287721",41.7924070903626,-2.15517088635011,0.657751132777935,-3.27657495206128,0.00105074419623458,0.061956751632495
"ENSG00000150394",10.2966505070161,-3.49905875373093,1.06974076019032,-3.27094085216348,0.00107190326884672,0.0625890027040202
"ENSG00000287474",5.80080241233999,-5.90655525342249,1.80688055587179,-3.26892402169476,0.00107957286301369,0.0628508850278414
"ENSG00000153707",24.5023812062585,-3.08219784254624,0.94319924103034,-3.2678120469852,0.00108382315240882,0.0629127462821781
"ENSG00000144642",75.1384642302775,2.38821110193569,0.733301534446653,3.25679272407064,0.00112678681250638,0.0642256489584368
"ENSG00000249626",93.7592110441674,-1.94057375036822,0.595955628927658,-3.2562386462563,0.00112898815346725,0.0642256489584368
"ENSG00000156298",168.321383626947,-3.65527126381628,1.12171566298519,-3.25864333042172,0.00111946311541018,0.0642256489584368
"ENSG00000196358",37.5089277144358,-2.10858543185592,0.647564116180436,-3.2561801668275,0.00112922072297211,0.0642256489584368
"ENSG00000165462",5.85338042106408,-5.92391768434503,1.81824410330753,-3.25804311619598,0.00112183360176157,0.0642256489584368
"ENSG00000277987",5.79387604403397,-5.90956943140807,1.81306892947576,-3.25942899099639,0.00111636722546795,0.0642256489584368
"ENSG00000261873",5.79116282088053,-5.9090195121582,1.81209334832782,-3.26088030597926,0.0011106691377211,0.0642256489584368
"ENSG00000273734",26.4931132738226,-3.02996416060769,0.930883201253025,-3.25493483664671,0.00113418385958867,0.0643225650943736
"ENSG00000203995",23.2301513753815,-2.64317603506993,0.813074102513426,-3.25084272995435,0.0011506348850656,0.0644299510202989
"ENSG00000287451",3.93033805201728,-5.35041806022188,1.64587602933718,-3.25080259074955,0.00115079733883656,0.0644299510202989
"ENSG00000163072",24.3612073589913,-3.67827630680611,1.13156534463438,-3.25060883513942,0.00115158181622476,0.0644299510202989
"ENSG00000104381",282.75990304044,1.28808883851712,0.396285423820379,3.25040680552753,0.0011524003197287,0.0644299510202989
"ENSG00000091651",99.549020140994,-1.56483307265892,0.481118578426962,-3.25248939206465,0.00114398865891607,0.0644299510202989
"ENSG00000171502",2116.22900406281,3.22214134612729,0.991675403929226,3.24918953657667,0.00115734335823765,0.0644394759683668
"ENSG00000141837",146.493896572447,-2.16108410017091,0.665294450188393,-3.24831223161256,0.00116091802682076,0.0644394759683668
"ENSG00000226043",3.74516852063078,-5.27464826473758,1.62398926151565,-3.24795760029522,0.00116236590214525,0.0644394759683668
"ENSG00000134802",177.499162605062,2.30177385112106,0.70924403012924,3.245390519116,0.00117289654997592,0.0648411381241591
"ENSG00000169403",102.211326691148,-2.8368267313482,0.875583599363812,-3.23992675674762,0.00119560406371111,0.0657282501431825
"ENSG00000183496",59.8703332721617,2.16416837304015,0.667959432444399,3.23996977648832,0.00119542369725688,0.0657282501431825
"ENSG00000251488",5.59515704971527,-5.85642490375145,1.80909273750918,-3.23721652424229,0.00120701792045969,0.0659881043717243
"ENSG00000271086",212.678916327794,2.26501078485413,0.699653226895045,3.23733343574488,0.00120652348998491,0.0659881043717243
"ENSG00000147180",133.790048930366,1.84977737089424,0.571734803930964,3.23537653852116,0.00121482409832758,0.0660489487729836
"ENSG00000060566",6.51693700863149,-6.0781854334267,1.87857887016124,-3.23552315528015,0.00121420036795506,0.0660489487729836
"ENSG00000144962",5.60276565645161,-5.86001176886527,1.81226423755616,-3.23353054561596,0.00122270259969992,0.0662627937974512
"ENSG00000260661",5.4328299913728,-5.81547841201435,1.7992865036016,-3.23210250306086,0.00122882967824621,0.0662627937974512
"ENSG00000237452",8.07274190757815,-4.88767315340755,1.51211235444172,-3.232347873523,0.00122777489214784,0.0662627937974512
"ENSG00000245060",360.091252456205,-1.37018874084484,0.424257678030752,-3.22961448147444,0.00123957242614967,0.0666599493255855
"ENSG00000106648",5.7559841860586,-5.90041095087383,1.82835850492217,-3.22716301807833,0.0012502420891044,0.0669423482114577
"ENSG00000168959",12.1848117624331,-4.48787263421625,1.39079029999668,-3.22685068642409,0.00125160754408329,0.0669423482114577
"ENSG00000169047",834.434356657094,1.30309046429886,0.404189996115309,3.22395526070148,0.00126433150872116,0.0670775447745186
"ENSG00000137261",15.5644249764856,-3.93431354451993,1.22025660925739,-3.22416901057739,0.00126338811648209,0.0670775447745186
"ENSG00000159753",78.9615793302291,-3.36307979839033,1.04288434214775,-3.22478693223478,0.00126066455229818,0.0670775447745186
"ENSG00000248752",25.6346676064174,-3.52674873688971,1.09474598737795,-3.22152241483589,0.00127511487883397,0.0671563476362555
"ENSG00000256039",7.04936073883705,-6.18371305305203,1.91962208228378,-3.22131794071428,0.00127602504882427,0.0671563476362555
"ENSG00000227367",5.67801830967839,-5.88003485758289,1.82481908453869,-3.22225633620516,0.0012718529288199,0.0671563476362555
"ENSG00000230848",7.03220875684371,-6.18760000771187,1.92319170261988,-3.21735997471431,0.00129376161923861,0.0679087215885458
"ENSG00000248373",5.64555289800989,-5.87202521115477,1.82662964628221,-3.21467749256467,0.00130591152023203,0.0683646412819612
"ENSG00000223656",9.60319865840442,4.47902503684569,1.39395633931148,3.21317455255307,0.00131276480292463,0.0684151504092987
"ENSG00000112299",13.6289848148487,-3.20240421609275,0.996718932303857,-3.21294610978301,0.00131380938412668,0.0684151504092987
"ENSG00000227128",6.37404030891429,-6.04603649757906,1.88343321735475,-3.21011461509137,0.00132682055303114,0.0689108695647962
"ENSG00000228215",4.26531399859201,-5.46528967476857,1.70483180958928,-3.2057647235508,0.00134704078532437,0.0689740697200422
"ENSG00000151623",158.497279473367,1.55782386261177,0.485536246815258,3.20846048637953,0.00133447644931477,0.0689740697200422
"ENSG00000158402",27.6269202105399,-2.02187397493872,0.63114653164165,-3.20349375869928,0.00135770982882649,0.0689740697200422
"ENSG00000237923",4.41581930504556,-5.51905199905269,1.72185209413468,-3.20529969900016,0.00134921916330315,0.0689740697200422
"ENSG00000227954",9.54193061096964,-4.41858408003937,1.3781209397718,-3.20623825712351,0.0013448258819717,0.0689740697200422
"ENSG00000147488",7.50383923622983,-4.77687304983755,1.49120916358023,-3.20335548258623,0.00135836196395257,0.0689740697200422
"ENSG00000254587",14.5175611613257,-4.74900883320043,1.48263651247864,-3.2030836912691,0.00135964462308497,0.0689740697200422
"ENSG00000264204",11.6119890927828,-3.51274332653725,1.09691754664428,-3.20237682156105,0.00136298577172763,0.0689740697200422
"ENSG00000176294",6.37455471880326,-6.04583316335874,1.88459686278181,-3.20802463527113,0.00133650049687013,0.0689740697200422
"ENSG00000272259",10.6485429310825,-5.29360640649858,1.65128882759081,-3.20574227721375,0.00134714585919308,0.0689740697200422
"ENSG00000198822",34.6044281955246,2.5394494751793,0.793295425116863,3.20113969496951,0.00136885150775929,0.0690937426013744
"ENSG00000132185",100.924182463152,-2.26883640531866,0.709175719755243,-3.19925843781242,0.00137781597349442,0.0691069555300806
"ENSG00000248240",22.5119529478368,-2.24517697380264,0.701863097403414,-3.1988816367591,0.00137961798129569,0.0691069555300806
"ENSG00000259462",23.3844180769914,2.83182213971445,0.884915746441738,3.20010368343118,0.00137378157694818,0.0691069555300806
"ENSG00000136231",14.9570002948461,-4.22217248541249,1.32043541545163,-3.19756077124633,0.00138595204734349,0.0692484800161294
"ENSG00000236451",6.50905618681814,-4.56348503628425,1.42958737528231,-3.19216937361598,0.00141208503245525,0.0701987662482034
"ENSG00000188000",12.6181630398091,-4.53724179878381,1.42128713248906,-3.19234705997644,0.00141121656713582,0.0701987662482034
"ENSG00000157884",8.81440570180012,-4.43519585317084,1.39005222764505,-3.19066849789141,0.00141944044270498,0.0703871270784559
"ENSG00000267740",7.96397032253032,-4.83973187708211,1.51796075446538,-3.18831159688752,0.00143106233156182,0.0707855793877297
"ENSG00000267364",5.42303922420698,-5.80889071609673,1.82364023433409,-3.18532713126823,0.00144590460174696,0.071340933050195
"ENSG00000182183",16.00217752551,-4.55848590371615,1.43168532232985,-3.18399988644006,0.00145255069366798,0.0714446649636595
"ENSG00000092051",35.8413098033371,2.05881161839931,0.646720759146591,3.18346301596397,0.00145524702651962,0.0714446649636595
"ENSG00000143515",2624.31617725501,1.83102826912082,0.575621536431823,3.18095858690598,0.00146788611543523,0.07188635328593
"ENSG00000285894",6.39347066753956,-6.04908150883769,1.9035523627281,-3.177785716474,0.0014840438811728,0.0720418635757034
"ENSG00000283183",13.6752520998367,-5.08893519853668,1.60206486412757,-3.17648511772832,0.00149071437950789,0.0720418635757034
"ENSG00000226690",37.7331053206957,-3.12432300018363,0.983714083157211,-3.17604785137993,0.00149296322468903,0.0720418635757034
"ENSG00000283692",9.58244349207832,-5.20230063103713,1.63688530743398,-3.17817052142302,0.00148207557606466,0.0720418635757034
"ENSG00000139973",10.2818819904419,-4.2338184262922,1.33261068223372,-3.17708576310936,0.0014876303697214,0.0720418635757034
"ENSG00000133937",19.7100802562786,4.31176067056641,1.35631645087305,3.1790226151065,0.00147772561311044,0.0720418635757034
"ENSG00000171872",5.74023590986194,-5.89494844767601,1.85768275179462,-3.1732804979651,0.00150726826479035,0.0722714659677996
"ENSG00000187957",139.569474919027,3.00447036845346,0.94692325973043,3.17287629972124,0.00150936818827195,0.0722714659677996
"ENSG00000184515",74.1098965591261,2.2097443026312,0.696883141017897,3.17089648546176,0.00151969286464516,0.0722714659677996
"ENSG00000184661",99.0537242577104,-1.86953721992039,0.589142243755427,-3.17332060251394,0.00150706005722323,0.0722714659677996
"ENSG00000254303",5.51237137760533,-5.83636695320746,1.84041330504119,-3.17122623337959,0.00151796873547703,0.0722714659677996
"ENSG00000125648",1953.76367754342,1.36983008291141,0.431999094461762,3.17090961641508,0.00151962417330496,0.0722714659677996
"ENSG00000240216",5.52404981907183,-5.84081527283432,1.84411758472684,-3.16726835707686,0.00153878247274928,0.0728283234584646
"ENSG00000205667",33.8592155706749,-2.05090369023748,0.647479134115271,-3.16752090094745,0.00153744658068457,0.0728283234584646
"ENSG00000130711",5.9175612834015,-5.94046486288913,1.87656537215184,-3.1656050735271,0.00154760755498659,0.073070772022046
"ENSG00000118640",607.198151160173,-2.81220085706184,0.888719658604969,-3.16432840191268,0.0015544129365346,0.0732169301084648
"ENSG00000126777",1738.35873280224,1.14009944428134,0.360394120885766,3.16347958584683,0.00155895284654989,0.0732559366178776
"ENSG00000171954",8.57392253806194,-4.00232381425183,1.26611496864255,-3.16110615021231,0.0015717120964059,0.0736800711037217
"ENSG00000112796",31.5478498138282,3.38775425948788,1.07242831446713,3.1589563738544,0.0015833519013562,0.0740498415288295
"ENSG00000134900",1007.81482813321,1.25221004546712,0.396775410979503,3.1559668538326,0.00159967038109121,0.0746361575442459
"ENSG00000283434",5.15735842182818,-5.74124139862596,1.82194118212008,-3.15116725774057,0.0016261933654471,0.0756946987275092
"ENSG00000171877",17.6951701140593,-2.76236482891692,0.877192909068057,-3.14909616842627,0.00163776290014257,0.0760538555228559
"ENSG00000177324",5.71109037192403,-5.88967998362173,1.87224549462296,-3.14578403341696,0.00165642269874419,0.0764670206564572
"ENSG00000280208",5.327294086907,-5.78800404101707,1.84011626940752,-3.14545560910707,0.00165828358537514,0.0764670206564572
"ENSG00000224271",17.3756678972107,-4.41271759863486,1.4023476092756,-3.14666461399989,0.00165144271498125,0.0764670206564572
"ENSG00000237153",9.58876165603197,-5.1383898786541,1.6342828302502,-3.14412522945459,0.00166584135063397,0.0766364682893054
"ENSG00000134504",611.721519848437,0.991805283749606,0.315521659234994,3.14338256889974,0.00167007410801998,0.0766525176648428
"ENSG00000188822",13.6146518224219,-4.56515361669893,1.45462415777966,-3.138373298892,0.00169888363973469,0.0770716317646514
"ENSG00000251088",8.8522798748271,-3.97510202067639,1.2682140958029,-3.13440927192957,0.0017220049562019,0.0770716317646514
"ENSG00000163746",3.69683031189205,-5.24175258320457,1.67244758295119,-3.13418048890658,0.00172334819071942,0.0770716317646514
"ENSG00000233058",79.1124466659013,-3.07576869416582,0.979697447983513,-3.13950873353462,0.00169231370056974,0.0770716317646514
"ENSG00000145526",19.1499436446095,-3.80786742105617,1.21316507987346,-3.13878752712973,0.00169648408707796,0.0770716317646514
"ENSG00000253238",24.1838223797967,-2.80004923723181,0.893164750014921,-3.13497508403128,0.00171868708528519,0.0770716317646514
"ENSG00000183049",142.987283438328,-2.45131101566957,0.781553552228756,-3.13645943861322,0.00171001088724806,0.0770716317646514
"ENSG00000151490",25.750586908761,-3.27144265758723,1.04179488541562,-3.14019842426287,0.00168833437698348,0.0770716317646514
"ENSG00000259230",6.52750103333324,-4.57110337977377,1.45868375490021,-3.13371789081622,0.00172606714835711,0.0770716317646514
"ENSG00000285471",5.96490278932752,-5.95135967764022,1.8985618682551,-3.13466723268276,0.00172049156782038,0.0770716317646514
"ENSG00000276070",37.607363258834,-3.99793085979321,1.27296205851395,-3.14065201947997,0.00168572195267436,0.0770716317646514
"ENSG00000160161",55.147623523944,3.2536843297734,1.03746265784709,3.13619416097863,0.00171155849868038,0.0770716317646514
"ENSG00000114805",33.7629911598644,-2.04058264549263,0.651679539876184,-3.13126701182045,0.0017405383182537,0.0775423572213432
"ENSG00000178795",10.6885519837383,-2.50364528046767,0.799800158516797,-3.13033856496177,0.00174604938970064,0.0776126818809278
"ENSG00000151136",35.3630802545764,-2.51941720413618,0.805112018810305,-3.12927536202858,0.00175238004981057,0.0777190396922727
"ENSG00000163803",42.7649383328577,-2.10224563310449,0.67287950371501,-3.12425273990047,0.00178257270140179,0.0784457734594299
"ENSG00000233928",10.8324719164074,-4.36018934714791,1.39574852110091,-3.1239075529944,0.0017846651947347,0.0784457734594299
"ENSG00000070915",7.01791097561442,-4.67754352756654,1.4971742474442,-3.12424791940651,0.00178260190728794,0.0784457734594299
"ENSG00000196074",69.8885674646314,-1.38396883778625,0.442987289811167,-3.12417279145005,0.00178305714125581,0.0784457734594299
"ENSG00000144290",23.0107641816882,-3.32173106337271,1.0648855105211,-3.11933163758349,0.00181261817647727,0.0784513866906918
"ENSG00000228412",40.6536783411737,-2.34967599725271,0.752779639625541,-3.12133308815514,0.00180034273595698,0.0784513866906918
"ENSG00000185585",255.607023667469,1.57416682951372,0.50451044972707,3.12018676791594,0.0018073640484172,0.0784513866906918
"ENSG00000254530",8.35883962139514,-3.91849699834866,1.25598927768959,-3.11984908466479,0.00180943718162111,0.0784513866906918
"ENSG00000243316",4.72611808363138,-4.85863544091311,1.55730016266731,-3.11990941591591,0.00180906663069429,0.0784513866906918
"ENSG00000161091",1499.92213115652,-2.19790232698029,0.70443593589267,-3.12008830752661,0.00180796829908889,0.0784513866906918
"ENSG00000077935",44.8187165270122,-3.27683716795449,1.05025976815293,-3.12002541401485,0.00180835437326895,0.0784513866906918
"ENSG00000005059",177.889889113983,-2.20558262830531,0.707413205797802,-3.11781376178567,0.00182197895795641,0.0786839753046559
"ENSG00000246528",25.831999805081,3.57568800225166,1.14725871262779,3.11672333615281,0.00182873103970076,0.0788031349334807
"ENSG00000170703",10.6106510731071,-5.28733990015571,1.69706065148933,-3.1155868798888,0.00183579261351815,0.0789350828331028
"ENSG00000228714",9.31600330964079,-5.09599853573018,1.63606343496544,-3.11479275608762,0.00184074190506757,0.0789758309530728
"ENSG00000204754",5.8479539747572,-5.92182410171217,1.90314100347595,-3.11160554625033,0.00186072944353672,0.0796602088885915
"ENSG00000237222",61.7408998853068,-3.05661408708994,0.983281557139745,-3.10858478418052,0.00187985700676932,0.080304887198267
"ENSG00000058404",34.6420359681268,-2.36305331416408,0.761017900090854,-3.10512185571714,0.00190200648813613,0.0810755940601611
"ENSG00000253831",4.90674365721571,-5.66810223174433,1.82912400717554,-3.0988069750923,0.00194301564941689,0.0812444001205335
"ENSG00000071909",12.0685645859496,-3.39176428516188,1.09421121339406,-3.09973453355608,0.0019369416019718,0.0812444001205335
"ENSG00000070808",53.4967732302985,-2.44216291437061,0.787593031099737,-3.10079294500682,0.00193003197360482,0.0812444001205335
"ENSG00000106018",754.747325051151,1.76925812028091,0.570771235031912,3.09976749298166,0.00193672609073923,0.0812444001205335
"ENSG00000251138",9.62732263156592,-3.54239893361708,1.14218310606553,-3.1014282340592,0.00192589549253231,0.0812444001205335
"ENSG00000132958",20.7770080563297,-2.44640416604378,0.789460353568655,-3.09883093556899,0.00194285852622866,0.0812444001205335
"ENSG00000261807",5.07667932229453,-5.71740196564358,1.84424988116428,-3.10012326639498,0.00193440120228079,0.0812444001205335
"ENSG00000225563",5.11946656385281,-5.73087019344387,1.84937340206608,-3.09881724644761,0.00194294829256318,0.0812444001205335
"ENSG00000130812",34.0275887085523,-2.43195391064872,0.783662044835748,-3.10331976223047,0.00191362756844331,0.0812444001205335
"ENSG00000244040",9.78723054340997,-3.84566720646915,1.24196011792079,-3.09644983842744,0.0019585299566863,0.0813619656852719
"ENSG00000078114",24.7522188072999,-2.81453898907892,0.908717599634687,-3.09726475002838,0.00195315351920357,0.0813619656852719
"ENSG00000281344",14.6127634528371,-2.42342062536913,0.782714909749856,-3.09617281488048,0.00196036073149262,0.0813619656852719
"ENSG00000099812",10.4125387293656,-5.25927646260662,1.6988001940906,-3.09587700831528,0.00196231737262816,0.0813619656852719
"ENSG00000258670",17.8307261935834,2.82739050129811,0.913531455787708,3.09501165327706,0.00196805164566861,0.0814286525763431
"ENSG00000145248",10.9059592414504,4.67569173487244,1.51148183486989,3.09344884404445,0.00197844658801436,0.0814482353923171
"ENSG00000164483",11.6498857682464,-3.83263162865738,1.23919156685148,-3.09284837887919,0.00198245393426779,0.0814482353923171
"ENSG00000067715",12.3770253855615,-3.12161998547275,1.00942853487303,-3.09246259406111,0.00198503249005394,0.0814482353923171
"ENSG00000065325",7.33247157974434,-4.80475235660313,1.55301292534069,-3.09382637980884,0.00197593082242733,0.0814482353923171
"ENSG00000058335",28.8515980825892,-2.50183260259783,0.80921333086803,-3.09168485881734,0.00199024017318785,0.0814924897469613
"ENSG00000285091",29.6734781934534,-1.74939390937696,0.566086684251476,-3.09032866881536,0.00199935117318191,0.0816960553911348
"ENSG00000237484",7.58392015247,-4.78504950937046,1.54907092318556,-3.0889802640736,0.00200844780698829,0.0818981940469439
"ENSG00000104921",17.125534404835,-2.99264537298344,0.969122893719336,-3.08799368209965,0.00201512755002967,0.0820011491286299
"ENSG00000116128",363.777884604167,1.34998702922259,0.437547819854368,3.08534740196377,0.00203314523598449,0.0823945675100408
"ENSG00000172794",53.6663860788177,-2.31938618989485,0.751719688379598,-3.08544025884769,0.00203251050846073,0.0823945675100408
"ENSG00000197880",13.6340431343668,-4.6560747212764,1.50971290923223,-3.08407955764535,0.00204182985855943,0.0824024666975134
"ENSG00000236358",4.63472877824348,5.78305312980372,1.87548826566147,3.0834920354802,0.00204586586348711,0.0824024666975134
"ENSG00000258272",5.25965004041657,-5.76993892510285,1.87119079335944,-3.08356525992937,0.00204536244649448,0.0824024666975134
"ENSG00000182871",730.144051983152,1.52676080718363,0.495879647493045,3.07889387052337,0.0020777068296129,0.0835145050697357
"ENSG00000121933",24.534033879893,-3.5025911362893,1.13833296900038,-3.07694781023965,0.00209131913069387,0.0838908015515738
"ENSG00000287544",8.78456767080523,-5.07291907351599,1.64993050833338,-3.07462589963272,0.00210766742916023,0.0842043003682312
"ENSG00000135218",54.7559214163558,-1.69964240402577,0.552703502754827,-3.0751431745127,0.00210401524386512,0.0842043003682312
"ENSG00000173262",10.3480453651342,-3.90097577077772,1.26973045331125,-3.07228653184193,0.00212425709588768,0.0846956324130086
"ENSG00000164841",8.23327593024018,-3.20393850824172,1.04440279523745,-3.06772303066586,0.00215696434337743,0.0858263070179374
"ENSG00000104970",4.83691745029582,-5.6457303144386,1.84106177073234,-3.06656213506233,0.00216535798412991,0.0859869319412231
"ENSG00000283518",6.35505051307628,-5.29313848318769,1.72712003354203,-3.06471952174185,0.00217874216017319,0.0862169657510286
"ENSG00000245149",195.790420405984,-1.38985930335628,0.453526205705457,-3.06456228079338,0.00217988781464143,0.0862169657510286
"ENSG00000258633",18.2054808423552,-2.08459874478019,0.680605867900726,-3.06285743790304,0.00219234476651982,0.0864142010178149
"ENSG00000074695",1581.65932225124,1.18883469775311,0.388167876297301,3.06268181976649,0.00219363167358762,0.0864142010178149
"ENSG00000280870",17.9653036942018,-3.51930732555835,1.1493557336283,-3.06198265914468,0.00219876190080163,0.086443754729524
"ENSG00000278966",5.20023305964152,-4.99444722680402,1.63336233375788,-3.05777054091438,0.00222990252990371,0.0868034641620899
"ENSG00000189221",59.3422761245653,2.65401792143631,0.867451134217567,3.05955899617355,0.00221663125098627,0.0868034641620899
"ENSG00000089820",410.692918549097,-2.02145939110086,0.661011485350107,-3.05813051044065,0.00222722552830343,0.0868034641620899
"ENSG00000134954",3271.96801533205,1.31705390643608,0.430643052215874,3.05834240134418,0.00222565112697811,0.0868034641620899
"ENSG00000138347",4.84290391409345,-5.65090073835568,1.84767922619814,-3.0583775896984,0.00222538976765494,0.0868034641620899
"ENSG00000145730",554.625605627664,1.46111580045236,0.47827796614212,3.05495110351413,0.00225097217351032,0.0872793454153233
"ENSG00000263655",5.07396609914109,-5.71649682955587,1.8710267611395,-3.0552726173058,0.00224856032158995,0.0872793454153233
"ENSG00000004700",223.307132515241,1.59961964417969,0.523851272756093,3.05357594296517,0.00226131478330392,0.087508448163306
"ENSG00000259124",19.92729259587,-2.28127929129558,0.747686917962074,-3.05111569627771,0.00227992703666989,0.0879639654280814
"ENSG00000005156",542.332913870355,1.06921065508208,0.350464023602083,3.05084283428779,0.00228199991382133,0.0879639654280814
"ENSG00000236980",4.83311314692764,-5.64347141032253,1.85097976287359,-3.04891037898826,0.00229672986521325,0.0881872774705227
"ENSG00000186732",14.564181661019,-4.75535196144925,1.55947887940585,-3.04932117019821,0.00229359137995189,0.0881872774705227
"ENSG00000255191",5.11675334069937,-5.72987158377344,1.88011518248083,-3.04761731470773,0.00230663470075867,0.0882243070817307
"ENSG00000105492",10.280580323151,-5.23437318154132,1.71732707118701,-3.04797686437409,0.00230387664095152,0.0882243070817307
"ENSG00000127463",76.4332110515177,1.55840092341274,0.511754133315339,3.04521414085475,0.0023251469350796,0.0882868754012546
"ENSG00000163814",11.3070031640249,-3.45558146658495,1.13466770193681,-3.04545679822072,0.00232327152932514,0.0882868754012546
"ENSG00000164100",11.3895351608837,-2.68305246883454,0.880848422391346,-3.04598657456925,0.00231918190390217,0.0882868754012546
"ENSG00000197405",84.5314319699216,-2.46726905188237,0.810247002877597,-3.04508260211991,0.0023261641269078,0.0882868754012546
"ENSG00000069812",9.92635617855104,-4.22678074080608,1.38959348509379,-3.04173903098055,0.00235215726321738,0.0884269511246295
"ENSG00000145850",6.72729933422552,-4.66751627614107,1.53437992097521,-3.0419560451329,0.00235046214410568,0.0884269511246295
"ENSG00000148948",38.3730620646742,-3.63824737706342,1.19611269987141,-3.04172623320072,0.0023522572628917,0.0884269511246295
"ENSG00000185904",348.487957624841,-2.38169552654527,0.782487276358723,-3.043749845529,0.00233649336876804,0.0884269511246295
"ENSG00000258077",18.2432392039415,-3.03290666460767,0.996650869818916,-3.04309839729406,0.00234155754527902,0.0884269511246295
"ENSG00000104499",6.63373635735499,-4.65472667862164,1.53069842019812,-3.04091688944135,0.00235858925058547,0.0884964210067581
"ENSG00000251170",4.87917362913012,-5.66212724316278,1.86255074873224,-3.03998548604205,0.00236589549742043,0.0885065673987923
"ENSG00000070526",36.0291046200232,-2.67608957334003,0.880368068371478,-3.03973947884129,0.00236782871841114,0.0885065673987923
"ENSG00000250230",5.05182251736238,-5.71208854334384,1.88083608316918,-3.03699434228158,0.00238949940701042,0.0891477510335683
"ENSG00000233973",5.5946259869913,-5.85706417273334,1.93065463730921,-3.03371926783157,0.00241559098896231,0.0897817396575521
"ENSG00000232598",9.61770849767072,-4.62643015914922,1.52482177023451,-3.0340792933706,0.00241271006449009,0.0897817396575521
"ENSG00000241388",10.7121675159156,-3.74861151701505,1.23653228693233,-3.03155166802384,0.00243300277031591,0.090089573498977
"ENSG00000237945",19.8698981991422,-3.30549222174785,1.09018016154577,-3.03206051471436,0.00242890504744665,0.090089573498977
"ENSG00000152315",13.3123121008139,-4.08392604609699,1.34812757702648,-3.02933202739221,0.0024509515479683,0.0905842317428883
"ENSG00000177707",108.408755487159,1.75396641970767,0.579114482555793,3.02870412075853,0.00245605095884176,0.0906030312592541
"ENSG00000140451",56.9386418781087,-2.20524409237894,0.728621627863252,-3.02659708145916,0.00247323386638605,0.0910666857966324
"ENSG00000206120",13.9875950920316,-4.083700139016,1.35031360784049,-3.02426052385483,0.00249241706450646,0.0913256946966352
"ENSG00000251676",11.853195534815,-5.51473021508102,1.82407741817978,-3.0232983315939,0.00250035618288667,0.0913256946966352
"ENSG00000171643",10.6758830338448,-3.03752409298697,1.00482794006841,-3.02292957019108,0.00250340498737736,0.0913256946966352
"ENSG00000107263",4762.0983657028,1.02368929137623,0.338519477956958,3.02401887641569,0.00249440874351331,0.0913256946966352
"ENSG00000187912",17.388380390236,-4.34205824633256,1.43538753012649,-3.02500764093298,0.00248626846044208,0.0913256946966352
"ENSG00000170681",227.41254198298,-2.79817083343197,0.926294819041763,-3.02082099123326,0.00252090347695889,0.0917943745779717
"ENSG00000114487",11.4911706132971,-4.31111849255349,1.42774811058064,-3.01952316420873,0.0025317293200344,0.0920003236737369
"ENSG00000139219",566.246390603998,-3.3557872377544,1.11175099755265,-3.01847018364871,0.00254054400092149,0.0920003236737369
"ENSG00000187172",10.4995940751253,-4.31578370408192,1.4296733032776,-3.01872021684099,0.00253844839265092,0.0920003236737369
"ENSG00000168405",19.5940052499744,-2.95279662220454,0.978599416586537,-3.01737010277834,0.00254978293976592,0.0921657804015021
"ENSG00000257150",10.8570631380387,-3.69592095039497,1.22552787123136,-3.01577878166203,0.00256320190014114,0.0923971038929553
"ENSG00000235568",57.8762182500802,-2.83299728269899,0.939477957014113,-3.0155016001684,0.00256554585191222,0.0923971038929553
"ENSG00000256417",5.94760898352993,-5.94650393716986,1.97287407735982,-3.0141325315236,0.00257715199199042,0.0926460322657975
"ENSG00000234184",4.62637670408819,-5.58173700200182,1.85230278114555,-3.01340421167527,0.00258334579471116,0.0926998410989446
"ENSG00000179869",14.0115611320204,-3.32024846468555,1.10219161813832,-3.01240583764708,0.0025918583198349,0.0928365078044676
"ENSG00000116106",18.7379021793239,-3.50682629432703,1.16726530019916,-3.00430955475906,0.00266184346115994,0.0949015683487786
"ENSG00000158683",39.1756010850192,-2.2626374486364,0.753044114536253,-3.00465458126553,0.00265882612709042,0.0949015683487786
"ENSG00000269416",11.2828350234072,-4.47784789070956,1.49059356356006,-3.00407032485428,0.00266393741716778,0.0949015683487786
"ENSG00000269035",27.0851989748853,-2.55629488167024,0.851103012219671,-3.00350820637262,0.00266886351138482,0.0949057482174608
"ENSG00000117016",124.621925100746,1.66251239005729,0.555111392232535,2.99491671999566,0.00274519782624527,0.0974446480193825
"ENSG00000253288",11.0598921744945,-2.89828275172329,0.968415095695488,-2.99281038121553,0.00276421432929321,0.0979435080842565
"ENSG00000157152",107.329644013301,2.05631018027669,0.687522595516076,2.99089832637887,0.00278158090452066,0.0982062267113056
"ENSG00000254211",4.86720070153484,-5.65185737313365,1.88939434755599,-2.99135931069369,0.0027773848405697,0.0982062267113056
"ENSG00000214803",6.58184058706123,-4.64591657667383,1.55370218674282,-2.99022336218341,0.00278773514505616,0.0982477514693364
"ENSG00000189058",1664.84727899871,2.79470021172001,0.935471916736742,2.98747633330235,0.00281291072903926,0.0986845185550342
"ENSG00000165973",23.5378466219542,-4.12556126769777,1.38131421192748,-2.986692840828,0.00282012912773811,0.0986845185550342
"ENSG00000060558",65.4483460486955,-2.94231361350933,0.984927439077423,-2.98734048496545,0.00281416110371327,0.0986845185550342
"ENSG00000179284",12.1411243474218,-3.8407977109421,1.28587196352969,-2.98692079761906,0.0028180271949958,0.0986845185550342
"ENSG00000173699",5.19200599392614,-5.75132822895623,1.92712500305321,-2.98440849443819,0.00284127171144881,0.0988979889546339
"ENSG00000080224",12.0320873113163,-3.85275013212826,1.29093532780591,-2.98446409292744,0.00284075541043214,0.0988979889546339
"ENSG00000154997",6.2184443793329,-5.26424640248476,1.76471669308589,-2.98305468697039,0.00285386996750837,0.0988979889546339
"ENSG00000102290",21.1627731136348,-3.93623250269935,1.31961060903721,-2.982874247708,0.00285555294472214,0.0988979889546339
"ENSG00000266357",13.1797462692835,-4.60612547997839,1.54344621268907,-2.98431227606782,0.00284216542094535,0.0988979889546339
"ENSG00000104808",7.06309927587777,-4.68740285151277,1.57148024759939,-2.98279463497763,0.00285629578963018,0.0988979889546339
"ENSG00000131981",882.21338318482,-2.03645630044642,0.68308242511568,-2.98127462451043,0.00287051247983287,0.0992161721575857
"ENSG00000071242",168.067071405708,1.90922865920148,0.640842468613607,2.97924802538741,0.00288956778543274,0.0993559277563135
"ENSG00000108515",483.785901614871,-2.02305105031168,0.678901131151602,-2.97989052821289,0.00288351412293969,0.0993559277563135
"ENSG00000131941",130.1266681085,-1.63967076466943,0.550365747152546,-2.97923839401829,0.00288965862039542,0.0993559277563135
"ENSG00000150938",144.993801410768,1.72002799885481,0.577565208943885,2.97806719002342,0.002900723879875,0.0994751685010946
"ENSG00000169876",6.47108511813904,-5.31872476945273,1.7861226441414,-2.97780490432642,0.00290320718770929,0.0994751685010946
"ENSG00000251372",13.1024954521696,-2.8071681450421,0.943077072083861,-2.97660522998323,0.00291459039848919,0.0996068053153735
"ENSG00000165443",449.669711792043,2.84660937099001,0.956413725789794,2.97633680302875,0.00291714296069548,0.0996068053153735
